Week,year,India,United states,Hindustani classical music: (Worldwide),Mauritius,Sri Lanka,Trinidad and Tobago,Singapore,United Arab Emirates,Malaysia,Philippines,Pakistan,Indonesia,Netherlands,United Kingdom,Canada,Australia,Sweden,Venezuela,Saudi Arabia,Japan,Germany,Nepal,Qatar,Bangladesh,Vietnam,Thailand,Bolivia,Colombia,Peru,Region,Popularity,Year_map,Country_map,Type_map
05-01-2020,2020,58,63,53,0,0,0,0,0,0,100,0,0,0,0,100,0,0,0,0,0,0,0,0,0,0,0,0,0,0,Odisha,100,2012,India,Countrywise
12-01-2020,2020,60,15,72,0,0,0,0,0,0,48,0,0,0,0,32,0,0,0,0,0,0,0,0,0,0,0,0,0,0,Karnataka,76,2012,India,Countrywise
19-01-2020,2020,56,32,65,0,0,0,0,0,0,0,0,0,0,0,0,0,0,5,0,0,0,0,0,0,0,0,0,5,12,Kerala,46,2012,India,Countrywise
26-01-2020,2020,26,62,62,0,0,0,0,0,0,0,0,0,0,0,0,35,0,0,0,0,0,0,0,0,0,0,0,0,0,Rajasthan,42,2012,India,Countrywise
02-02-2020,2020,66,31,87,0,0,0,0,52,100,0,0,0,0,39,0,34,0,0,100,0,0,0,0,0,0,0,0,0,0,Uttar Pradesh,37,2012,India,Countrywise
09-02-2020,2020,58,15,46,0,0,0,0,0,0,0,0,0,0,75,0,0,0,0,0,0,0,0,0,0,0,0,0,0,0,West Bengal,35,2012,India,Countrywise
16-02-2020,2020,32,15,41,0,0,0,0,0,0,0,0,0,0,0,0,33,0,0,0,0,0,0,0,0,0,0,0,0,0,Tamil Nadu,34,2012,India,Countrywise
23-02-2020,2020,72,30,77,0,0,0,0,0,0,0,0,0,0,37,0,0,0,0,0,0,0,0,0,88,0,0,0,0,0,Maharashtra,33,2012,India,Countrywise
01-03-2020,2020,46,44,71,0,0,0,0,0,0,0,0,0,0,0,0,32,0,0,0,0,0,0,0,0,0,0,0,0,0,Andhra Pradesh,31,2012,India,Countrywise
08-03-2020,2020,100,44,93,0,0,0,100,97,0,0,0,37,92,0,0,0,0,0,0,0,0,0,0,0,0,0,0,0,0,Assam,30,2012,India,Countrywise
15-03-2020,2020,87,29,91,0,0,0,0,0,0,52,100,35,0,0,0,64,0,0,95,0,0,0,0,0,0,0,0,0,0,Madhya Pradesh,30,2012,India,Countrywise
22-03-2020,2020,57,43,70,0,0,0,0,0,91,0,0,0,0,69,0,0,0,20,0,19,0,0,0,0,0,0,0,0,0,Gujarat,27,2012,India,Countrywise
29-03-2020,2020,55,14,79,0,0,0,0,0,0,0,0,32,0,34,0,0,0,0,0,0,0,0,0,90,0,0,0,0,0,Jharkhand,24,2012,India,Countrywise
05-04-2020,2020,63,56,42,0,0,0,0,0,0,0,0,32,0,0,28,0,0,0,0,0,0,0,0,0,0,0,0,0,0,Haryana,23,2012,India,Countrywise
12-04-2020,2020,55,54,61,0,0,0,0,0,0,0,0,100,0,35,0,31,0,0,0,0,92,0,0,0,0,0,37,0,0,Delhi,22,2012,India,Countrywise
19-04-2020,2020,73,40,86,0,0,0,43,45,0,0,0,35,0,35,28,0,0,0,0,0,0,0,91,0,0,0,0,0,0,Chandigarh,9,2012,India,Countrywise
26-04-2020,2020,60,0,63,0,0,0,0,0,0,0,0,0,0,33,0,0,0,0,0,0,88,0,0,0,0,0,0,0,0,Punjab,7,2012,India,Countrywise
03-05-2020,2020,59,69,55,84,0,0,0,0,0,0,0,0,0,68,0,0,0,0,0,0,0,0,0,100,0,0,0,0,0,New Jersey,100,2012,United States,Countrywise
10-05-2020,2020,47,42,63,0,0,0,0,93,0,0,0,0,0,34,0,0,0,0,0,0,0,0,0,0,0,0,0,0,34,Washington,66,2012,United States,Countrywise
17-05-2020,2020,37,71,71,0,100,0,0,46,0,0,0,78,0,68,0,0,0,0,0,0,0,0,0,0,0,0,0,0,0,Massachusetts,65,2012,United States,Countrywise
24-05-2020,2020,37,29,53,0,0,0,0,0,0,0,0,0,0,36,0,31,0,0,0,0,0,0,0,0,0,0,0,0,0,Arizona,48,2012,United States,Countrywise
31-05-2020,2020,44,0,53,0,0,0,0,43,0,0,0,33,0,0,0,32,0,0,0,0,0,0,0,0,0,0,0,0,0,California,41,2012,United States,Countrywise
07-06-2020,2020,48,57,56,0,0,0,0,0,0,0,0,0,0,0,29,0,0,0,0,0,0,100,0,0,0,0,0,0,0,Tennessee,40,2012,United States,Countrywise
14-06-2020,2020,65,30,26,0,0,0,0,0,0,0,0,0,0,67,0,0,0,0,0,0,0,0,0,0,0,92,20,0,0,Missouri,34,2012,United States,Countrywise
21-06-2020,2020,44,44,54,0,0,0,0,92,0,0,0,0,0,34,63,0,0,0,0,0,0,0,0,0,0,0,0,0,0,Pennsylvania,33,2012,United States,Countrywise
28-06-2020,2020,55,46,56,0,0,0,0,0,0,0,0,0,0,100,0,0,0,0,0,0,0,0,0,0,0,0,0,0,0,New York,32,2012,United States,Countrywise
05-07-2020,2020,72,0,57,0,0,0,0,0,0,0,93,0,0,35,0,0,0,10,0,0,0,0,0,81,0,0,0,0,0,Texas,23,2012,United States,Countrywise
12-07-2020,2020,46,0,43,0,0,0,0,100,0,0,0,0,0,0,33,0,0,0,0,0,0,0,0,0,0,0,0,0,0,Illinois,22,2012,United States,Countrywise
19-07-2020,2020,40,62,63,0,0,0,0,0,0,0,97,0,0,38,34,100,0,0,0,0,0,0,100,79,100,95,10,0,0,Ohio,20,2012,United States,Countrywise
26-07-2020,2020,49,62,66,0,0,0,0,54,0,0,0,0,0,0,0,0,0,0,0,0,0,0,0,0,0,0,0,0,0,Florida,14,2012,United States,Countrywise
02-08-2020,2020,26,0,45,100,0,0,0,0,0,0,0,32,0,38,0,98,0,0,0,0,0,0,0,0,0,0,0,0,0,Virginia,12,2012,United States,Countrywise
09-08-2020,2020,47,61,60,0,0,0,98,0,0,0,0,32,0,38,33,0,0,0,0,0,0,0,0,0,0,0,0,0,0,Michigan,10,2012,United States,Countrywise
16-08-2020,2020,81,30,91,0,0,0,98,52,0,0,90,0,0,73,0,0,0,0,0,0,0,0,0,0,0,0,0,0,0,Georgia,8,2012,United States,Countrywise
23-08-2020,2020,54,59,96,0,100,0,49,0,0,0,0,64,0,74,33,0,0,0,0,0,0,0,0,0,0,0,0,0,0,England,100,2012,United Kingdom,Countrywise
30-08-2020,2020,78,58,88,0,0,0,0,0,92,0,0,32,0,0,0,0,0,0,0,0,0,0,0,0,0,0,0,0,0,Scotland,62,2012,United Kingdom,Countrywise
06-09-2020,2020,96,44,98,0,0,0,0,47,0,0,0,0,0,0,0,0,0,0,0,0,0,0,0,0,0,0,0,0,0,Tripura,100,2013,India,Countrywise
13-09-2020,2020,68,100,65,0,0,0,0,47,0,0,0,62,0,0,0,0,0,0,0,0,0,0,0,0,0,0,0,0,0,Odisha,27,2013,India,Countrywise
20-09-2020,2020,65,29,100,0,0,0,0,0,0,0,0,0,0,0,32,0,0,0,0,0,99,0,0,0,0,0,0,0,0,Karnataka,26,2013,India,Countrywise
27-09-2020,2020,46,31,42,0,0,0,0,0,0,0,0,0,0,37,0,37,0,0,0,0,0,0,0,0,98,0,0,0,0,Bihar,18,2013,India,Countrywise
04-10-2020,2020,30,32,53,0,0,0,0,0,0,0,0,64,0,0,0,0,0,0,0,0,100,0,0,0,0,0,0,0,0,West Bengal,17,2013,India,Countrywise
11-10-2020,2020,76,17,68,0,95,0,0,48,0,0,0,66,0,0,0,0,0,0,0,0,0,0,0,0,0,0,0,0,0,Kerala,17,2013,India,Countrywise
18-10-2020,2020,39,0,55,0,0,0,56,0,0,0,0,0,0,40,0,38,0,0,0,0,0,0,0,0,0,0,0,0,0,Andhra Pradesh,16,2013,India,Countrywise
25-10-2020,2020,23,52,50,0,0,0,0,49,0,0,0,0,0,0,71,38,0,0,0,0,0,0,0,0,0,0,0,0,0,Jharkhand,15,2013,India,Countrywise
01-11-2020,2020,34,43,36,0,0,0,0,89,0,0,0,0,0,0,0,0,0,0,0,0,0,0,0,0,0,0,0,0,0,Uttar Pradesh,13,2013,India,Countrywise
08-11-2020,2020,35,66,31,0,0,0,0,0,0,0,0,0,0,0,34,0,0,0,0,0,0,0,0,0,0,0,0,0,0,Maharashtra,12,2013,India,Countrywise
15-11-2020,2020,55,84,56,0,97,0,0,0,0,43,0,66,0,0,0,38,0,0,0,0,0,0,0,0,0,0,0,0,0,Tamil Nadu,10,2013,India,Countrywise
22-11-2020,2020,43,17,69,0,0,0,0,0,0,0,0,99,0,0,33,0,0,0,0,0,0,0,0,0,0,100,0,0,0,Assam,10,2013,India,Countrywise
29-11-2020,2020,44,83,71,0,0,0,0,0,0,0,0,61,100,0,0,0,0,0,0,0,0,0,0,74,0,0,0,0,0,Delhi,8,2013,India,Countrywise
06-12-2020,2020,36,33,46,0,0,0,56,50,0,21,0,65,0,39,0,0,0,0,0,0,0,0,0,0,0,0,0,0,0,Chandigarh,8,2013,India,Countrywise
13-12-2020,2020,53,67,64,0,0,0,0,0,0,0,0,0,0,79,0,39,0,0,0,0,0,0,0,78,0,0,0,0,0,Haryana,7,2013,India,Countrywise
20-12-2020,2020,61,73,71,0,0,0,0,0,0,0,0,0,0,0,37,0,0,0,0,0,0,0,0,0,0,0,0,0,0,Madhya Pradesh,6,2013,India,Countrywise
27-12-2020,2020,27,86,49,0,0,0,0,54,96,0,97,0,0,0,0,0,0,0,0,0,0,0,0,0,0,0,0,0,0,Rajasthan,5,2013,India,Countrywise
06-01-2019,2019,68,44,84,0,0,0,0,0,0,19,100,0,0,0,0,0,0,0,0,0,0,0,0,0,0,0,0,0,0,Punjab,5,2013,India,Countrywise
13-01-2019,2019,55,56,47,0,0,0,0,0,0,0,0,0,0,0,0,0,0,0,0,0,0,0,0,0,0,0,0,0,0,Gujarat,4,2013,India,Countrywise
20-01-2019,2019,78,100,81,0,0,0,0,0,0,18,0,0,0,0,35,0,0,0,0,0,0,0,0,98,0,0,0,0,0,Mauritius,100,2012,Worldwide,Worldwide
27-01-2019,2019,71,70,59,0,0,0,0,0,0,0,0,0,0,0,35,0,0,0,0,0,0,0,0,0,0,0,0,0,0,Sri Lanka,78,2012,Worldwide,Worldwide
03-02-2019,2019,46,55,71,0,0,0,0,50,0,0,0,29,0,0,100,0,0,0,0,0,0,0,0,0,0,0,0,0,0,India,52,2012,Worldwide,Worldwide
10-02-2019,2019,67,28,83,0,0,0,0,0,0,0,0,0,0,51,0,0,0,0,0,0,0,0,100,0,0,0,0,0,0,Trinidad & Tobago,17,2012,Worldwide,Worldwide
17-02-2019,2019,100,56,100,0,0,0,0,50,0,0,0,0,0,0,0,0,0,0,0,0,96,0,0,0,0,0,0,0,0,Singapore,10,2012,Worldwide,Worldwide
24-02-2019,2019,40,42,60,0,0,0,0,0,0,0,0,0,0,0,0,0,0,0,0,0,0,0,0,0,0,0,0,0,0,United Arab Emirates,8,2012,Worldwide,Worldwide
03-03-2019,2019,44,14,36,0,0,0,0,50,0,0,0,28,0,0,0,0,0,0,0,0,0,0,0,0,0,0,0,0,0,Malaysia,5,2012,Worldwide,Worldwide
10-03-2019,2019,52,15,60,0,0,0,0,100,0,0,0,0,0,0,0,0,0,0,0,0,0,0,0,0,0,0,0,0,0,Philippines,4,2012,Worldwide,Worldwide
17-03-2019,2019,36,44,72,96,0,0,0,50,0,0,0,0,0,0,35,0,0,0,0,0,0,0,0,0,0,0,0,0,0,Pakistan,4,2012,Worldwide,Worldwide
24-03-2019,2019,65,14,77,0,0,0,0,0,0,0,98,0,0,0,0,0,0,0,0,0,0,0,0,0,0,0,0,0,0,Indonesia,4,2012,Worldwide,Worldwide
31-03-2019,2019,20,43,33,0,0,0,0,0,0,0,0,0,0,0,35,100,0,0,0,0,0,0,0,0,0,0,0,0,0,United States,2,2012,Worldwide,Worldwide
07-04-2019,2019,53,14,61,0,0,0,0,0,0,0,0,29,0,0,0,0,0,0,0,0,0,0,0,0,0,0,0,0,0,Netherlands,2,2012,Worldwide,Worldwide
14-04-2019,2019,51,45,60,0,62,0,0,0,0,0,0,0,100,0,35,0,0,0,0,0,0,0,0,0,0,0,0,0,0,United Kingdom,2,2012,Worldwide,Worldwide
21-04-2019,2019,51,30,79,0,0,0,0,0,0,0,0,0,0,0,0,0,100,0,0,0,0,0,0,0,0,0,0,0,0,Canada,2,2012,Worldwide,Worldwide
28-04-2019,2019,29,29,53,0,0,0,0,0,0,0,0,0,0,0,0,0,0,0,0,0,0,0,0,0,0,0,0,0,0,Australia,1,2012,Worldwide,Worldwide
05-05-2019,2019,48,58,63,0,0,0,0,0,0,0,0,0,0,0,0,0,0,0,0,0,0,0,0,0,0,0,0,0,0,Sweden,1,2012,Worldwide,Worldwide
12-05-2019,2019,40,15,69,0,0,0,0,0,0,0,0,0,0,0,0,0,0,0,0,0,0,0,0,0,0,0,0,0,0,Venezuela,1,2012,Worldwide,Worldwide
19-05-2019,2019,56,30,63,0,0,0,0,0,100,0,0,0,0,0,0,50,0,0,0,0,0,0,0,0,0,0,0,0,0,Saudi Arabia,1,2012,Worldwide,Worldwide
26-05-2019,2019,46,30,43,0,54,0,0,0,0,0,0,0,0,49,35,0,0,0,0,0,0,0,0,100,0,0,0,0,0,Japan,1,2012,Worldwide,Worldwide
02-06-2019,2019,39,44,54,100,0,0,0,0,0,0,0,0,0,47,67,0,0,0,0,0,94,0,0,0,0,0,0,0,0,Germany,1,2012,Worldwide,Worldwide
09-06-2019,2019,31,15,41,0,0,0,0,0,0,0,0,0,0,0,0,0,0,0,0,0,0,0,0,0,0,0,0,0,0,Mauritius,100,2013,Worldwide,Worldwide
16-06-2019,2019,53,15,74,0,0,0,0,0,0,0,0,0,0,0,0,0,0,0,0,0,0,0,0,0,0,0,0,0,0,India,79,2013,Worldwide,Worldwide
23-06-2019,2019,53,0,71,0,100,0,0,0,0,0,82,0,0,0,0,0,0,0,0,0,98,0,0,0,0,0,0,0,0,Sri Lanka,64,2013,Worldwide,Worldwide
30-06-2019,2019,36,46,63,0,0,0,0,0,0,17,0,0,96,100,0,50,0,0,0,0,0,0,0,0,0,0,0,0,0,Nepal,38,2013,Worldwide,Worldwide
07-07-2019,2019,32,15,36,0,0,0,0,0,0,17,0,0,0,0,0,0,0,0,0,0,0,0,0,0,0,0,0,30,0,Qatar,31,2013,Worldwide,Worldwide
14-07-2019,2019,43,0,53,0,0,0,0,0,0,0,0,0,0,50,72,51,0,0,0,0,100,0,0,0,0,0,0,0,0,Bangladesh,26,2013,Worldwide,Worldwide
21-07-2019,2019,59,31,57,0,0,0,0,0,0,0,0,0,0,0,37,0,0,0,0,0,0,0,0,0,0,0,0,0,0,Philippines,15,2013,Worldwide,Worldwide
28-07-2019,2019,36,46,56,0,0,0,100,57,0,17,0,0,0,0,37,0,0,0,0,0,0,0,0,0,0,0,0,0,0,United Arab Emirates,11,2013,Worldwide,Worldwide
04-08-2019,2019,48,30,59,0,0,0,0,56,0,0,99,0,0,98,0,0,0,0,0,0,0,0,0,0,0,0,0,0,0,Singapore,6,2013,Worldwide,Worldwide
11-08-2019,2019,55,30,47,0,0,0,0,0,0,0,0,0,0,0,0,49,0,0,0,12,0,0,0,0,0,0,0,0,0,Indonesia,6,2013,Worldwide,Worldwide
18-08-2019,2019,51,44,61,0,0,0,100,0,0,0,94,0,0,0,0,49,0,0,0,0,0,0,0,0,0,0,0,0,0,Malaysia,6,2013,Worldwide,Worldwide
25-08-2019,2019,36,28,45,0,54,0,0,0,0,0,0,0,0,0,0,0,0,0,0,0,0,0,0,0,0,0,0,0,0,Pakistan,5,2013,Worldwide,Worldwide
01-09-2019,2019,24,0,55,98,0,0,0,49,0,0,0,0,0,48,0,47,0,0,0,0,0,0,0,0,0,0,0,0,0,United States,5,2013,Worldwide,Worldwide
08-09-2019,2019,44,14,47,0,0,0,0,48,0,0,0,0,0,0,0,0,0,0,0,0,0,0,0,0,0,0,0,0,0,United Kingdom,4,2013,Worldwide,Worldwide
15-09-2019,2019,61,13,37,0,54,0,0,0,0,0,0,25,0,0,0,47,0,0,0,0,0,0,0,0,0,0,0,0,0,Canada,3,2013,Worldwide,Worldwide
22-09-2019,2019,44,14,36,0,0,0,0,0,0,0,0,0,0,92,0,0,0,0,0,0,0,0,0,0,0,0,0,0,0,Australia,3,2013,Worldwide,Worldwide
29-09-2019,2019,35,27,52,0,53,0,0,46,0,0,0,0,90,46,64,0,0,0,0,0,0,0,0,0,0,0,0,0,0,Netherlands,2,2013,Worldwide,Worldwide
06-10-2019,2019,49,28,54,93,0,0,0,0,0,0,0,0,0,0,0,0,0,0,0,0,0,0,0,0,0,0,0,0,0,Thailand,1,2013,Worldwide,Worldwide
13-10-2019,2019,52,41,39,0,0,0,0,0,0,0,0,0,0,46,0,0,0,0,0,0,0,0,0,0,0,0,0,0,0,Germany,1,2013,Worldwide,Worldwide
20-10-2019,2019,52,53,54,0,0,0,0,46,0,0,0,0,92,45,0,0,0,0,0,0,0,0,0,0,0,0,0,0,0,Vietnam,1,2013,Worldwide,Worldwide
27-10-2019,2019,42,40,44,0,0,0,97,0,0,36,0,0,0,0,0,0,0,0,0,0,0,0,0,0,0,0,0,0,0,Japan,1,2013,Worldwide,Worldwide
03-11-2019,2019,57,13,56,0,0,0,0,0,0,100,0,0,0,45,0,0,0,0,0,0,0,0,0,0,0,0,0,0,0,New Jersey,100,2013,United States,Countrywise
10-11-2019,2019,49,39,73,91,0,0,92,0,0,16,0,0,0,0,0,0,0,0,0,0,0,0,0,0,0,0,0,0,0,Michigan,90,2013,United States,Countrywise
17-11-2019,2019,74,40,76,0,52,0,0,0,0,16,0,50,0,89,0,0,0,0,0,0,0,0,0,0,0,0,0,0,0,California,78,2013,United States,Countrywise
24-11-2019,2019,57,14,61,0,0,0,92,0,0,81,0,51,0,0,0,0,0,0,0,0,0,0,0,0,0,0,0,0,0,New York,68,2013,United States,Countrywise
01-12-2019,2019,28,39,59,0,0,0,0,0,0,0,0,100,0,44,0,49,0,0,0,0,0,0,0,0,0,0,0,0,0,Virginia,64,2013,United States,Countrywise
08-12-2019,2019,28,67,44,0,54,0,0,0,0,0,0,26,0,0,33,0,0,0,0,0,0,0,0,0,0,0,0,0,0,North Carolina,64,2013,United States,Countrywise
15-12-2019,2019,60,14,65,0,0,0,0,0,0,0,0,0,0,47,67,0,0,0,0,0,0,0,0,84,0,0,0,0,0,Massachusetts,60,2013,United States,Countrywise
22-12-2019,2019,31,31,45,0,52,0,0,0,0,0,0,0,0,0,0,0,0,0,0,0,0,0,0,0,0,0,0,0,0,Texas,50,2013,United States,Countrywise
29-12-2019,2019,46,0,46,0,0,0,0,0,0,0,0,0,0,0,0,51,0,0,0,0,0,0,0,0,0,0,0,0,0,Pennsylvania,40,2013,United States,Countrywise
07-01-2018,2018,62,14,47,0,0,0,0,0,0,100,0,0,0,0,0,0,0,0,0,0,0,0,0,0,0,0,0,0,0,Florida,39,2013,United States,Countrywise
14-01-2018,2018,98,43,58,79,0,0,0,0,0,49,0,0,0,100,48,0,0,0,0,0,98,0,0,0,0,0,0,0,0,Ohio,38,2013,United States,Countrywise
21-01-2018,2018,47,14,58,0,0,0,0,0,61,0,0,0,0,25,47,51,0,0,0,0,0,0,0,0,0,0,0,0,0,Arizona,38,2013,United States,Countrywise
28-01-2018,2018,70,41,53,0,0,0,0,0,0,0,0,0,0,0,0,0,0,0,0,0,98,0,0,98,0,0,0,0,0,Washington,29,2013,United States,Countrywise
04-02-2018,2018,69,42,51,0,87,0,0,0,0,0,0,35,0,26,48,49,0,0,0,0,0,0,0,0,0,0,0,0,0,Illinois,23,2013,United States,Countrywise
11-02-2018,2018,64,14,49,0,0,100,0,0,0,0,0,0,0,0,0,0,0,0,0,0,0,0,0,0,0,0,0,0,0,Tennessee,22,2013,United States,Countrywise
18-02-2018,2018,90,0,41,0,0,0,0,0,0,0,0,0,0,51,95,0,0,0,0,0,0,0,0,100,0,0,0,0,0,Georgia,19,2013,United States,Countrywise
25-02-2018,2018,60,27,38,0,91,0,0,0,0,0,0,0,100,24,94,0,0,0,0,0,100,0,0,0,0,0,0,0,0,Oregon,18,2013,United States,Countrywise
04-03-2018,2018,68,55,62,0,0,0,0,0,0,0,0,33,0,0,95,0,0,0,0,0,0,0,0,0,0,0,0,0,0,England,100,2013,United Kingdom,Countrywise
11-03-2018,2018,100,28,55,0,0,0,0,0,0,0,91,33,0,25,0,0,0,0,0,0,0,0,0,0,0,0,0,0,0,Scotland,50,2013,United Kingdom,Countrywise
18-03-2018,2018,71,14,48,0,0,0,0,97,0,0,0,33,0,0,0,49,0,0,0,0,0,0,0,0,0,0,0,0,0,Sri Lanka,100,2014,Worldwide,Worldwide
25-03-2018,2018,72,29,49,0,89,0,0,0,0,0,0,0,0,0,0,0,0,0,0,0,0,0,0,0,0,0,0,0,0,India,94,2014,Worldwide,Worldwide
01-04-2018,2018,39,57,54,0,95,0,0,0,0,0,93,0,0,0,0,0,0,0,0,0,0,0,0,0,0,0,0,0,0,Mauritius,83,2014,Worldwide,Worldwide
08-04-2018,2018,23,42,48,0,0,0,0,97,0,0,0,33,0,26,46,0,0,0,0,0,0,0,0,0,0,0,0,0,0,United Arab Emirates,28,2014,Worldwide,Worldwide
15-04-2018,2018,65,28,36,0,0,0,0,0,0,0,0,0,0,27,0,0,0,0,0,0,0,0,0,0,0,0,0,0,0,Bangladesh,26,2014,Worldwide,Worldwide
22-04-2018,2018,51,28,37,0,100,0,0,95,0,0,0,0,0,0,0,0,0,0,0,0,0,0,0,0,0,0,0,0,0,Nepal,24,2014,Worldwide,Worldwide
29-04-2018,2018,77,42,35,0,0,0,0,0,0,0,0,0,0,0,0,49,0,0,0,0,0,0,0,0,0,0,0,0,0,Singapore,16,2014,Worldwide,Worldwide
06-05-2018,2018,58,71,39,0,0,0,0,0,0,0,0,0,0,0,0,0,0,0,0,0,0,0,0,0,0,0,0,0,0,Malaysia,16,2014,Worldwide,Worldwide
13-05-2018,2018,69,28,32,0,0,0,0,0,0,0,0,0,0,0,0,0,0,0,0,0,0,0,0,0,0,0,0,0,0,Bolivia,15,2014,Worldwide,Worldwide
20-05-2018,2018,48,45,57,0,0,0,0,100,0,0,0,0,0,0,0,0,0,0,0,0,0,0,0,0,0,0,0,0,0,Philippines,9,2014,Worldwide,Worldwide
27-05-2018,2018,56,30,47,0,0,0,0,0,0,0,0,0,0,0,0,0,0,0,0,0,0,0,0,0,0,0,0,0,0,Indonesia,8,2014,Worldwide,Worldwide
03-06-2018,2018,65,15,35,0,0,0,0,0,0,0,0,0,0,0,48,48,0,0,0,0,0,0,0,0,0,0,0,0,0,United States,6,2014,Worldwide,Worldwide
10-06-2018,2018,33,57,33,0,0,0,0,99,0,0,0,38,0,0,0,0,0,0,0,0,0,0,0,0,0,0,0,0,0,Netherlands,6,2014,Worldwide,Worldwide
17-06-2018,2018,73,15,56,0,0,0,0,0,0,0,0,0,0,0,49,0,0,0,0,0,0,0,0,0,0,0,0,0,0,Australia,6,2014,Worldwide,Worldwide
24-06-2018,2018,74,30,72,0,0,0,91,0,0,0,0,0,0,0,0,0,0,0,0,6,0,0,0,0,0,0,0,0,0,United Kingdom,4,2014,Worldwide,Worldwide
01-07-2018,2018,79,46,56,0,0,0,0,0,0,45,0,0,0,26,51,0,0,0,0,0,0,0,0,0,0,0,0,0,0,Pakistan,4,2014,Worldwide,Worldwide
08-07-2018,2018,81,29,44,0,89,0,0,0,0,0,0,0,0,0,0,100,0,0,0,0,0,0,0,0,0,0,0,0,0,Canada,3,2014,Worldwide,Worldwide
15-07-2018,2018,37,15,45,0,0,0,0,0,0,0,0,0,53,0,0,0,0,0,0,0,0,0,0,0,0,0,0,0,0,Sweden,1,2014,Worldwide,Worldwide
22-07-2018,2018,49,0,52,0,0,0,0,0,0,0,0,32,0,0,0,0,0,0,0,0,0,0,0,0,0,0,0,0,0,Germany,1,2014,Worldwide,Worldwide
29-07-2018,2018,64,30,44,0,0,0,0,0,0,0,0,63,0,0,51,0,0,0,0,0,0,0,0,0,0,0,0,0,0,Japan,1,2014,Worldwide,Worldwide
05-08-2018,2018,85,29,58,99,0,0,0,0,0,0,0,31,0,0,0,0,0,0,0,0,0,0,0,0,0,0,0,0,0,Goa,100,2014,India,Countrywise
12-08-2018,2018,66,45,56,0,0,0,0,0,55,0,0,0,0,54,0,49,0,0,0,0,0,0,0,0,0,0,0,0,0,Karnataka,49,2014,India,Countrywise
19-08-2018,2018,82,30,55,0,0,0,0,0,0,0,100,35,51,0,0,0,0,0,0,0,0,0,0,0,0,0,0,7,0,Odisha,48,2014,India,Countrywise
26-08-2018,2018,66,44,53,100,0,0,0,0,0,0,91,0,0,0,51,0,0,0,0,0,0,0,0,0,0,0,0,0,0,Jharkhand,45,2014,India,Countrywise
02-09-2018,2018,64,58,62,0,0,0,0,0,0,0,0,0,0,0,50,0,0,0,0,0,0,0,0,0,0,0,0,0,0,Kerala,38,2014,India,Countrywise
09-09-2018,2018,56,70,36,0,0,0,0,0,0,0,0,0,0,27,0,50,0,0,0,0,0,0,0,0,0,0,0,0,0,Uttarakhand,38,2014,India,Countrywise
16-09-2018,2018,51,100,46,0,0,0,93,0,0,0,0,0,0,0,0,0,0,0,0,0,0,0,0,0,0,0,0,0,0,Assam,38,2014,India,Countrywise
23-09-2018,2018,57,0,49,0,0,0,0,0,0,0,84,33,0,0,0,51,0,0,0,0,0,0,0,0,0,0,0,0,0,Chhattisgarh,22,2014,India,Countrywise
30-09-2018,2018,67,71,54,0,0,0,0,0,0,0,0,0,0,0,0,0,0,0,0,0,0,0,0,0,0,0,0,0,0,Gujarat,22,2014,India,Countrywise
07-10-2018,2018,54,43,55,0,0,0,0,97,0,0,88,32,0,26,100,0,0,0,0,0,0,0,0,0,0,0,0,0,0,Jammu & Kashmir,22,2014,India,Countrywise
14-10-2018,2018,62,44,41,0,0,0,0,0,100,0,0,100,50,0,0,50,0,0,0,0,0,0,0,0,0,0,0,0,0,Bihar,22,2014,India,Countrywise
21-10-2018,2018,39,43,55,0,92,0,92,0,0,0,0,0,0,0,0,0,0,0,0,0,0,0,0,0,0,0,0,0,0,West Bengal,20,2014,India,Countrywise
28-10-2018,2018,51,44,62,0,0,0,0,0,0,0,0,0,0,27,49,0,0,0,0,0,0,0,0,0,0,0,0,0,0,Uttar Pradesh,19,2014,India,Countrywise
04-11-2018,2018,74,14,71,0,0,0,0,0,53,45,93,65,0,0,0,0,0,0,0,0,0,0,0,0,0,0,0,0,0,Tamil Nadu,18,2014,India,Countrywise
11-11-2018,2018,81,57,100,0,89,0,0,0,0,0,0,0,0,0,0,49,0,0,0,0,0,0,0,0,0,0,0,0,0,Andhra Pradesh,18,2014,India,Countrywise
18-11-2018,2018,81,15,46,0,0,0,0,0,0,45,0,35,0,25,0,0,0,0,0,0,0,0,0,0,0,0,0,0,0,Punjab,17,2014,India,Countrywise
25-11-2018,2018,67,69,61,0,0,0,0,0,0,46,0,66,0,26,0,0,0,0,0,0,0,0,0,0,0,0,0,0,0,Delhi,16,2014,India,Countrywise
02-12-2018,2018,57,28,64,0,0,0,0,0,0,0,0,67,0,0,49,0,0,0,0,0,0,0,0,0,0,0,0,0,0,Maharashtra,15,2014,India,Countrywise
09-12-2018,2018,83,43,63,0,0,0,0,0,0,0,0,69,0,0,0,0,0,0,0,0,0,0,0,0,0,0,0,0,0,Haryana,15,2014,India,Countrywise
16-12-2018,2018,49,73,64,0,0,0,100,0,0,0,0,0,0,0,0,0,0,0,0,0,0,0,0,0,0,0,0,0,0,Rajasthan,12,2014,India,Countrywise
23-12-2018,2018,54,33,40,0,0,0,0,0,0,0,0,0,0,0,0,0,0,0,0,0,0,0,0,0,0,0,0,0,0,Madhya Pradesh,9,2014,India,Countrywise
30-12-2018,2018,74,61,59,0,91,0,0,0,0,0,0,0,0,0,0,0,0,0,0,0,0,0,0,0,0,0,0,0,0,Chandigarh,5,2014,India,Countrywise
01-01-2017,2017,61,44,80,0,0,0,0,0,0,0,0,0,0,0,35,0,0,0,0,0,0,0,0,0,0,0,0,0,0,Arizona,100,2014,United States,Countrywise
08-01-2017,2017,47,98,50,0,0,0,0,0,0,0,0,0,0,50,0,0,0,0,0,0,0,0,0,97,0,0,0,0,0,Virginia,99,2014,United States,Countrywise
15-01-2017,2017,54,28,50,0,92,0,0,0,0,0,0,0,0,50,0,50,0,0,0,0,0,0,0,0,0,0,0,0,0,Ohio,97,2014,United States,Countrywise
22-01-2017,2017,65,14,77,0,92,0,0,0,0,0,0,0,0,0,0,0,0,0,0,0,0,0,0,0,0,0,0,0,0,Pennsylvania,97,2014,United States,Countrywise
29-01-2017,2017,57,54,84,0,92,0,0,0,85,0,0,15,0,0,66,0,0,0,92,0,0,0,0,0,0,0,0,0,0,North Carolina,70,2014,United States,Countrywise
05-02-2017,2017,100,40,70,0,92,0,0,0,0,0,0,0,0,0,0,0,0,0,0,0,0,0,0,0,0,0,0,0,0,New Jersey,70,2014,United States,Countrywise
12-02-2017,2017,55,27,84,0,0,0,0,100,0,0,0,0,0,0,0,49,0,0,0,0,0,0,0,0,0,0,0,0,0,Missouri,67,2014,United States,Countrywise
19-02-2017,2017,41,55,67,0,0,0,0,0,0,50,41,0,0,100,0,0,0,0,0,0,0,0,0,0,0,0,0,0,0,Washington,65,2014,United States,Countrywise
26-02-2017,2017,84,39,73,0,0,0,0,0,0,0,40,0,0,49,0,0,0,0,0,0,0,0,0,0,0,0,0,0,0,California,61,2014,United States,Countrywise
05-03-2017,2017,35,26,58,0,87,0,93,0,0,0,0,29,91,0,0,0,0,0,0,0,0,0,0,0,0,0,0,0,0,Michigan,56,2014,United States,Countrywise
12-03-2017,2017,36,27,41,0,0,0,0,0,0,0,0,0,0,0,32,0,0,0,0,0,0,0,0,0,0,0,0,0,0,Texas,44,2014,United States,Countrywise
19-03-2017,2017,47,27,49,0,0,0,0,0,0,0,0,0,0,0,32,90,0,0,0,0,0,0,0,0,0,0,0,0,0,New York,39,2014,United States,Countrywise
26-03-2017,2017,51,55,57,0,0,0,0,53,0,0,0,0,0,0,32,0,0,0,0,0,0,0,0,0,0,0,0,0,0,Oregon,37,2014,United States,Countrywise
02-04-2017,2017,59,27,60,0,91,0,0,0,80,0,0,0,0,53,0,48,0,0,0,0,0,0,0,0,0,0,0,0,0,Illinois,35,2014,United States,Countrywise
09-04-2017,2017,48,56,66,0,0,0,0,0,0,0,0,14,0,0,66,0,0,0,0,0,0,0,0,0,0,0,0,0,0,Massachusetts,28,2014,United States,Countrywise
16-04-2017,2017,52,0,60,0,0,0,0,0,0,0,0,0,0,53,0,50,0,0,0,0,0,0,0,0,0,0,0,0,0,Georgia,22,2014,United States,Countrywise
23-04-2017,2017,30,14,63,0,0,0,0,51,0,0,41,0,0,0,0,0,0,0,0,0,0,0,0,0,0,0,0,0,0,England,100,2014,United Kingdom,Countrywise
30-04-2017,2017,79,69,64,0,0,0,0,0,0,0,0,0,0,0,0,0,0,0,0,0,0,0,0,0,0,0,0,0,0,Scotland,75,2014,United Kingdom,Countrywise
07-05-2017,2017,39,28,78,0,0,0,0,51,0,0,0,0,0,0,33,0,0,0,0,0,100,0,0,0,0,0,0,0,0,Nepal,100,2015,Worldwide,Worldwide
14-05-2017,2017,45,45,67,100,0,0,0,0,0,0,0,15,0,52,0,0,0,0,0,0,0,0,0,0,0,0,0,0,0,India,97,2015,Worldwide,Worldwide
21-05-2017,2017,36,15,57,0,0,0,0,56,0,0,0,0,0,0,0,0,0,0,0,0,0,0,0,96,0,0,0,23,0,Sri Lanka,94,2015,Worldwide,Worldwide
28-05-2017,2017,54,31,61,0,0,0,0,0,0,0,0,0,0,0,0,0,0,0,0,0,0,0,0,0,0,0,0,0,0,Mauritius,0,2015,Worldwide,Worldwide
04-06-2017,2017,23,15,30,0,0,0,0,0,0,0,0,0,0,0,0,0,0,0,0,0,0,0,0,0,0,0,0,0,0,Qatar,36,2015,Worldwide,Worldwide
11-06-2017,2017,44,30,30,0,0,0,0,0,0,0,0,16,0,0,0,0,0,0,0,0,0,0,0,0,0,0,0,0,0,United Arab Emirates,36,2015,Worldwide,Worldwide
18-06-2017,2017,46,14,89,0,0,0,0,0,0,0,0,0,0,53,0,100,0,0,0,0,0,0,0,100,0,0,0,0,0,Singapore,27,2015,Worldwide,Worldwide
25-06-2017,2017,41,15,57,0,100,0,0,0,100,0,48,0,0,54,0,0,0,0,0,0,0,0,0,0,0,0,0,0,0,Trinidad & Tobago,27,2015,Worldwide,Worldwide
02-07-2017,2017,63,16,77,0,99,0,0,0,0,0,0,0,0,0,0,0,0,0,0,0,0,0,0,0,0,0,0,0,0,Bangladesh,22,2015,Worldwide,Worldwide
09-07-2017,2017,30,45,42,0,0,0,100,0,0,0,0,0,0,0,0,0,0,0,0,0,0,0,0,0,0,0,0,0,0,Philippines,17,2015,Worldwide,Worldwide
16-07-2017,2017,29,15,87,0,0,0,0,60,0,0,0,0,0,0,0,0,0,0,0,0,0,0,0,0,0,0,0,0,0,Bolivia,14,2015,Worldwide,Worldwide
23-07-2017,2017,44,60,60,0,0,0,0,0,0,0,0,45,0,0,0,0,0,0,0,0,0,0,0,0,0,0,0,0,0,Indonesia,8,2015,Worldwide,Worldwide
30-07-2017,2017,29,15,55,0,0,0,0,59,0,0,0,44,0,52,0,0,0,0,0,0,0,0,0,0,0,0,0,0,0,United States,7,2015,Worldwide,Worldwide
06-08-2017,2017,29,29,44,0,0,0,0,0,0,0,0,15,100,0,0,0,0,0,0,0,0,0,0,0,0,0,0,0,0,Saudi Arabia,6,2015,Worldwide,Worldwide
13-08-2017,2017,63,43,81,0,0,0,0,0,0,0,0,15,0,0,0,0,0,0,0,0,52,0,0,0,0,0,0,0,0,Malaysia,5,2015,Worldwide,Worldwide
20-08-2017,2017,41,100,73,0,0,0,0,0,0,0,0,0,0,54,0,98,0,0,0,0,0,0,0,0,0,0,0,0,0,Pakistan,5,2015,Worldwide,Worldwide
27-08-2017,2017,60,70,65,0,0,0,0,63,0,0,0,0,0,0,35,0,0,0,0,0,0,0,0,0,0,0,0,0,0,Netherlands,5,2015,Worldwide,Worldwide
03-09-2017,2017,20,28,47,0,0,0,0,0,0,0,0,15,0,52,66,0,0,0,0,0,0,0,0,0,0,0,0,0,0,Canada,4,2015,Worldwide,Worldwide
10-09-2017,2017,59,14,46,0,0,0,0,0,82,0,98,0,0,0,0,0,0,0,0,0,0,0,0,0,0,0,0,0,0,United Kingdom,4,2015,Worldwide,Worldwide
17-09-2017,2017,43,27,50,0,0,0,96,0,0,0,0,43,0,0,0,0,0,0,0,0,0,0,0,0,0,0,0,0,0,Australia,2,2015,Worldwide,Worldwide
24-09-2017,2017,32,14,32,0,0,0,0,0,0,0,0,0,0,0,66,0,0,0,100,0,0,0,0,0,0,0,0,0,0,Colombia,2,2015,Worldwide,Worldwide
01-10-2017,2017,40,41,86,0,0,0,95,0,0,0,0,14,0,0,0,50,0,0,0,0,0,0,0,0,0,0,0,0,0,Thailand,1,2015,Worldwide,Worldwide
08-10-2017,2017,43,68,81,0,0,0,0,54,0,0,0,72,0,0,100,0,0,0,0,0,0,0,0,0,0,0,0,0,0,Germany,1,2015,Worldwide,Worldwide
15-10-2017,2017,97,68,100,0,91,0,0,0,0,0,0,0,0,50,0,48,0,0,0,0,0,0,0,0,0,0,0,0,0,Japan,1,2015,Worldwide,Worldwide
22-10-2017,2017,57,68,52,0,0,0,0,0,80,0,0,29,0,0,0,47,0,0,0,0,0,0,0,0,0,0,0,0,0,Manipur,100,2015,India,Countrywise
29-10-2017,2017,57,82,81,0,0,0,0,0,0,0,0,14,0,0,32,0,0,0,0,0,0,0,0,0,0,0,0,0,0,Karnataka,40,2015,India,Countrywise
05-11-2017,2017,49,53,66,0,0,0,0,53,0,51,0,0,0,50,62,0,0,0,0,0,0,0,0,0,0,0,0,0,0,Punjab,33,2015,India,Countrywise
12-11-2017,2017,30,67,48,0,0,0,93,0,0,0,0,0,0,0,0,0,0,0,0,0,0,0,0,0,0,0,0,0,0,Kerala,32,2015,India,Countrywise
19-11-2017,2017,50,43,72,95,0,0,0,0,0,0,0,14,0,95,30,48,0,0,0,0,0,0,0,0,0,0,0,0,0,Odisha,31,2015,India,Countrywise
26-11-2017,2017,19,13,51,0,0,0,0,56,0,0,0,29,0,49,31,0,0,0,0,0,0,0,0,0,0,0,0,0,0,Himachal Pradesh,23,2015,India,Countrywise
03-12-2017,2017,41,54,86,0,0,0,0,0,0,100,100,100,0,0,0,0,0,0,0,0,0,0,0,0,0,0,0,0,0,Jammu & Kashmir,23,2015,India,Countrywise
10-12-2017,2017,18,27,55,0,0,0,100,0,0,0,0,0,0,0,0,0,0,0,0,0,0,0,0,0,0,0,0,0,0,Goa,21,2015,India,Countrywise
17-12-2017,2017,39,29,72,0,0,0,0,0,0,56,0,0,92,0,0,0,0,0,0,0,0,0,0,0,0,0,0,0,0,Madhya Pradesh,20,2015,India,Countrywise
24-12-2017,2017,51,0,68,0,0,0,0,0,0,0,0,0,0,58,0,56,0,0,0,0,0,0,0,89,0,0,0,0,0,Gujarat,20,2015,India,Countrywise
31-12-2017,2017,54,0,61,0,0,0,0,0,0,0,0,0,0,50,32,0,0,0,0,0,0,0,0,0,0,0,0,0,0,Andhra Pradesh,19,2015,India,Countrywise
03-01-2016,2016,100,30,82,0,0,0,0,0,0,100,0,0,0,0,0,0,0,0,0,0,0,0,0,0,0,0,0,0,0,Tamil Nadu,18,2015,India,Countrywise
10-01-2016,2016,39,28,59,0,0,0,0,0,0,98,51,53,93,0,49,0,0,0,0,0,0,0,0,0,0,0,0,0,0,West Bengal,18,2015,India,Countrywise
17-01-2016,2016,38,15,36,0,0,0,52,0,0,0,0,0,0,0,50,0,0,0,0,0,0,0,0,0,0,0,0,0,0,Maharashtra,18,2015,India,Countrywise
24-01-2016,2016,78,14,57,0,0,0,53,0,0,0,0,0,0,49,0,0,0,0,0,0,88,0,0,0,0,0,0,0,0,Uttarakhand,16,2015,India,Countrywise
31-01-2016,2016,44,57,53,0,0,0,0,0,0,0,0,0,0,0,0,0,0,0,0,0,89,0,0,0,0,0,0,0,0,Jharkhand,16,2015,India,Countrywise
07-02-2016,2016,32,0,42,0,0,0,0,0,0,0,0,0,0,0,0,93,0,0,0,0,0,0,0,100,0,0,0,0,0,Chhattisgarh,16,2015,India,Countrywise
14-02-2016,2016,57,0,32,0,0,0,0,0,0,0,0,0,0,0,0,92,0,0,0,0,0,0,0,0,0,0,0,0,0,Uttar Pradesh,15,2015,India,Countrywise
21-02-2016,2016,49,43,53,0,0,0,52,0,0,94,0,0,0,0,0,0,0,0,96,0,0,0,0,0,0,0,0,0,0,Delhi,14,2015,India,Countrywise
28-02-2016,2016,54,14,35,0,0,0,0,0,0,0,0,0,0,49,0,0,0,0,0,0,0,0,0,0,0,0,0,0,0,Assam,11,2015,India,Countrywise
06-03-2016,2016,32,28,44,0,0,0,0,0,76,0,0,0,0,0,0,0,0,0,0,0,0,0,0,95,0,0,0,0,0,Bihar,11,2015,India,Countrywise
13-03-2016,2016,32,57,29,0,0,0,0,0,0,0,0,0,0,51,0,0,0,0,0,0,0,0,0,0,0,0,0,0,0,Chandigarh,10,2015,India,Countrywise
20-03-2016,2016,50,15,49,0,51,0,0,47,0,0,0,53,0,51,49,0,0,0,0,0,0,0,0,0,0,0,0,0,9,Rajasthan,7,2015,India,Countrywise
27-03-2016,2016,91,15,51,0,0,0,0,0,0,0,0,0,0,51,0,0,0,0,0,0,0,0,0,0,0,0,0,0,0,Haryana,7,2015,India,Countrywise
03-04-2016,2016,49,100,53,0,0,0,49,0,0,0,0,0,96,49,0,0,0,0,0,0,0,0,0,0,0,0,0,0,0,Massachusetts,100,2015,United States,Countrywise
10-04-2016,2016,71,44,71,0,0,0,0,0,0,0,50,0,0,0,0,0,0,0,0,0,92,0,0,0,0,0,0,0,0,New Jersey,93,2015,United States,Countrywise
17-04-2016,2016,72,0,47,0,0,0,50,0,0,0,0,0,0,50,0,0,0,0,0,0,0,0,0,0,0,0,0,0,0,Washington,84,2015,United States,Countrywise
24-04-2016,2016,60,14,27,0,0,0,0,48,0,0,0,0,0,0,0,0,0,0,100,0,0,0,0,0,0,0,0,0,0,Missouri,71,2015,United States,Countrywise
01-05-2016,2016,70,86,58,0,0,0,0,0,0,0,100,0,0,50,51,0,0,0,0,0,0,0,0,0,0,0,0,0,0,Pennsylvania,61,2015,United States,Countrywise
08-05-2016,2016,36,44,18,0,0,0,0,0,0,0,0,0,0,51,0,89,0,0,0,0,0,0,0,0,0,0,0,0,0,North Carolina,58,2015,United States,Countrywise
15-05-2016,2016,55,0,35,0,0,0,0,0,0,0,0,50,0,0,0,0,0,0,0,0,0,0,0,0,0,0,0,0,0,California,57,2015,United States,Countrywise
22-05-2016,2016,54,0,27,100,0,0,0,100,0,0,0,0,0,0,0,0,0,0,0,0,0,0,0,0,0,0,0,0,0,Georgia,55,2015,United States,Countrywise
29-05-2016,2016,46,15,42,0,0,0,100,0,0,0,0,0,0,52,52,0,0,0,0,0,0,0,0,0,0,0,0,0,0,Virginia,43,2015,United States,Countrywise
05-06-2016,2016,26,15,42,0,0,0,50,0,0,0,0,0,0,0,0,0,0,0,0,0,93,0,0,0,0,0,0,0,0,Texas,39,2015,United States,Countrywise
12-06-2016,2016,76,60,63,0,51,0,0,0,0,0,0,0,0,50,0,0,0,0,0,0,0,0,0,0,0,0,0,0,0,Illinois,39,2015,United States,Countrywise
19-06-2016,2016,55,15,43,0,0,0,0,52,0,0,0,0,0,100,0,0,0,0,0,0,0,0,0,93,0,0,0,0,0,New York,38,2015,United States,Countrywise
26-06-2016,2016,91,31,53,49,0,0,0,0,0,0,0,0,0,0,0,0,0,0,0,0,0,0,0,0,0,0,0,0,0,Ohio,21,2015,United States,Countrywise
03-07-2016,2016,91,79,62,0,0,0,0,0,100,0,0,0,0,0,0,96,0,0,0,0,0,0,0,0,0,0,0,0,0,Oregon,17,2015,United States,Countrywise
10-07-2016,2016,50,47,44,0,100,0,51,0,0,0,47,0,0,0,0,0,0,0,0,0,0,0,0,0,0,0,0,0,0,Tennessee,16,2015,United States,Countrywise
17-07-2016,2016,93,78,71,0,0,0,0,0,82,0,0,0,0,57,0,96,0,0,0,0,0,0,0,0,0,0,0,0,0,Arizona,14,2015,United States,Countrywise
24-07-2016,2016,64,46,64,0,50,0,0,0,0,0,0,100,0,55,0,0,0,0,0,0,0,0,0,0,0,0,0,0,0,Florida,5,2015,United States,Countrywise
31-07-2016,2016,35,0,39,0,0,0,0,0,0,0,0,0,0,0,0,94,0,0,0,0,0,0,0,0,0,0,0,0,0,England,100,2015,United Kingdom,Countrywise
07-08-2016,2016,60,32,60,0,0,0,0,0,0,0,47,99,0,0,0,0,0,0,0,0,0,0,0,0,0,0,0,0,0,Scotland,90,2015,United Kingdom,Countrywise
14-08-2016,2016,58,0,44,0,0,0,0,0,0,0,0,0,0,0,0,0,0,0,0,0,0,0,0,0,0,0,0,0,0,India,100,2016,Worldwide,Worldwide
21-08-2016,2016,55,32,42,0,0,0,0,0,85,0,48,100,0,0,0,0,0,0,0,0,0,0,0,0,0,0,0,0,0,Mauritius,73,2016,Worldwide,Worldwide
28-08-2016,2016,59,30,44,0,0,0,0,0,0,0,48,0,0,0,0,0,0,0,0,0,0,0,0,0,0,0,0,0,0,Sri Lanka,59,2016,Worldwide,Worldwide
04-09-2016,2016,71,30,78,0,49,0,0,0,0,0,0,0,0,0,0,0,0,0,0,0,100,0,0,0,0,0,0,0,0,Nepal,41,2016,Worldwide,Worldwide
11-09-2016,2016,54,29,62,0,0,0,0,0,0,0,53,98,0,0,0,0,0,0,0,0,0,0,0,0,0,0,0,0,0,Singapore,38,2016,Worldwide,Worldwide
18-09-2016,2016,66,44,61,0,0,0,51,0,0,0,50,93,0,0,0,96,0,0,0,0,99,0,0,0,0,0,0,0,0,Trinidad & Tobago,35,2016,Worldwide,Worldwide
25-09-2016,2016,32,0,37,0,0,35,0,0,0,0,0,95,0,0,0,0,0,0,0,0,0,0,0,0,0,0,0,0,0,Qatar,31,2016,Worldwide,Worldwide
02-10-2016,2016,23,58,45,0,0,0,0,0,0,0,0,0,100,0,0,0,0,0,0,0,0,0,0,81,0,0,0,0,0,United Arab Emirates,27,2016,Worldwide,Worldwide
09-10-2016,2016,29,74,46,0,0,0,0,0,0,0,0,45,0,0,52,0,0,0,0,0,0,0,0,0,0,0,0,0,0,Philippines,15,2016,Worldwide,Worldwide
16-10-2016,2016,50,0,51,0,0,0,0,0,0,0,0,0,0,0,0,0,0,0,0,0,0,0,0,0,0,0,0,0,0,Pakistan,13,2016,Worldwide,Worldwide
23-10-2016,2016,51,14,49,0,0,0,52,0,0,0,0,46,0,0,0,0,0,0,0,0,0,0,0,0,0,0,0,0,0,Malaysia,11,2016,Worldwide,Worldwide
30-10-2016,2016,58,72,91,0,47,0,0,0,0,0,0,0,0,52,0,0,0,0,0,0,0,0,0,78,0,0,0,0,0,Bangladesh,8,2016,Worldwide,Worldwide
06-11-2016,2016,45,27,32,0,0,0,0,51,0,99,0,0,0,0,0,0,0,0,0,0,0,0,0,81,0,0,0,0,0,Indonesia,8,2016,Worldwide,Worldwide
13-11-2016,2016,33,43,54,0,0,0,51,0,0,0,0,0,0,0,100,0,0,0,0,0,0,0,0,0,0,0,0,0,0,Australia,7,2016,Worldwide,Worldwide
20-11-2016,2016,59,15,38,0,0,0,0,0,0,0,0,0,0,0,97,0,0,0,0,0,0,0,0,0,0,0,0,0,0,United States,6,2016,Worldwide,Worldwide
27-11-2016,2016,76,40,100,0,0,0,0,51,0,0,0,45,0,0,0,0,0,0,0,0,0,0,0,0,0,0,0,0,0,Netherlands,6,2016,Worldwide,Worldwide
04-12-2016,2016,46,39,39,0,0,0,0,0,0,92,0,43,0,0,0,93,0,0,0,0,0,0,0,0,0,0,0,0,0,United Kingdom,6,2016,Worldwide,Worldwide
11-12-2016,2016,58,14,72,0,0,0,50,0,0,97,0,0,0,0,0,0,0,0,0,0,0,0,0,0,0,0,0,0,0,Canada,4,2016,Worldwide,Worldwide
18-12-2016,2016,73,29,73,0,0,0,0,0,0,0,0,0,0,56,0,100,0,0,0,0,0,0,0,0,0,0,0,0,0,Saudi Arabia,3,2016,Worldwide,Worldwide
25-12-2016,2016,32,30,54,0,0,0,0,57,0,0,0,0,0,0,0,0,0,0,0,0,0,0,0,0,0,0,0,0,0,Germany,1,2016,Worldwide,Worldwide
04-01-2015,2015,34,30,31,0,0,0,0,100,0,0,0,0,0,0,0,0,0,0,0,0,0,0,0,0,0,0,0,0,0,Thailand,1,2016,Worldwide,Worldwide
11-01-2015,2015,35,40,26,0,0,0,0,0,0,0,0,0,0,48,32,0,0,0,0,0,82,0,0,0,0,0,0,0,0,Japan,1,2016,Worldwide,Worldwide
18-01-2015,2015,59,0,40,0,0,0,0,0,0,0,0,0,91,0,0,0,0,0,0,0,0,0,0,0,0,0,0,0,0,Meghalaya,100,2016,India,Countrywise
25-01-2015,2015,45,49,38,0,0,0,51,0,0,0,0,0,0,0,33,0,0,0,0,0,0,0,0,0,0,0,0,0,0,Manipur,50,2016,India,Countrywise
01-02-2015,2015,38,68,30,0,0,0,0,0,0,0,0,0,0,0,0,0,0,0,0,0,0,0,0,0,0,0,0,0,0,Karnataka,23,2016,India,Countrywise
08-02-2015,2015,52,29,50,0,0,0,0,98,0,0,0,0,0,49,0,0,0,0,0,0,0,0,0,0,0,0,0,0,0,Uttarakhand,16,2016,India,Countrywise
15-02-2015,2015,66,30,29,0,0,0,0,0,100,55,0,34,0,0,33,0,0,0,0,0,0,0,0,0,0,0,0,0,0,Kerala,14,2016,India,Countrywise
22-02-2015,2015,38,19,28,0,0,0,0,0,0,53,97,33,0,0,0,0,0,0,0,0,0,0,0,0,0,0,0,0,0,Maharashtra,12,2016,India,Countrywise
01-03-2015,2015,63,49,38,0,0,0,52,0,0,0,0,33,0,0,0,0,0,0,0,0,0,0,0,0,0,0,0,0,0,West Bengal,11,2016,India,Countrywise
08-03-2015,2015,47,60,36,0,100,0,0,0,0,0,0,32,0,49,0,0,0,0,0,0,0,0,0,0,0,0,0,0,0,Telangana,10,2016,India,Countrywise
15-03-2015,2015,41,30,24,0,0,0,0,0,0,0,0,0,0,0,0,0,0,0,0,0,0,0,0,100,0,0,0,0,0,Jharkhand,10,2016,India,Countrywise
22-03-2015,2015,10,22,24,0,54,0,51,0,0,0,0,0,0,0,34,0,0,0,0,0,0,0,0,0,0,0,0,0,0,Odisha,9,2016,India,Countrywise
29-03-2015,2015,33,42,36,0,0,0,0,0,0,0,0,0,0,0,0,0,0,0,0,0,0,0,0,0,0,0,0,0,0,Chhattisgarh,9,2016,India,Countrywise
05-04-2015,2015,23,31,23,0,0,0,0,0,0,0,0,0,0,0,0,0,0,0,0,0,0,0,0,0,0,0,0,0,0,Rajasthan,9,2016,India,Countrywise
12-04-2015,2015,9,41,24,0,0,0,0,0,0,0,0,32,0,0,32,0,0,0,0,0,0,0,0,0,0,0,0,0,0,Tamil Nadu,8,2016,India,Countrywise
19-04-2015,2015,53,61,26,0,0,0,50,0,0,0,100,32,0,0,0,0,0,0,0,0,0,0,0,0,0,0,0,0,0,Assam,8,2016,India,Countrywise
26-04-2015,2015,48,50,18,0,0,0,0,0,0,0,0,0,100,0,0,0,0,0,0,0,0,0,0,0,0,0,0,0,0,Gujarat,8,2016,India,Countrywise
03-05-2015,2015,42,21,32,0,0,0,0,0,0,54,0,0,98,96,0,0,0,0,0,0,0,0,0,0,0,0,0,0,0,Delhi,7,2016,India,Countrywise
10-05-2015,2015,41,21,38,0,0,0,0,0,0,0,0,0,0,0,100,0,0,0,0,0,0,0,0,0,0,0,0,0,0,Uttar Pradesh,7,2016,India,Countrywise
17-05-2015,2015,22,65,26,0,0,0,0,0,0,0,0,0,0,0,0,0,0,0,100,0,0,0,0,0,0,0,0,0,0,Haryana,6,2016,India,Countrywise
24-05-2015,2015,63,0,38,20,0,0,0,0,0,0,0,0,0,0,33,0,0,0,0,0,0,0,0,0,0,0,0,0,0,Andhra Pradesh,6,2016,India,Countrywise
31-05-2015,2015,23,21,18,0,0,0,0,0,0,0,0,0,0,0,33,0,0,0,0,0,0,0,0,0,0,0,0,0,0,Madhya Pradesh,6,2016,India,Countrywise
07-06-2015,2015,18,100,22,0,0,0,0,0,0,0,0,0,97,0,0,0,0,0,0,0,0,0,0,0,0,0,0,0,0,Bihar,5,2016,India,Countrywise
14-06-2015,2015,50,33,38,0,0,27,0,98,0,0,0,0,0,0,0,0,0,0,0,0,0,0,0,0,0,0,0,0,0,Chandigarh,5,2016,India,Countrywise
21-06-2015,2015,12,22,39,0,49,0,0,93,0,0,0,0,0,0,0,0,0,0,0,0,0,0,0,0,0,0,0,0,0,Punjab,3,2016,India,Countrywise
28-06-2015,2015,58,0,35,0,0,0,0,87,0,0,0,0,0,50,0,0,0,0,0,0,0,0,0,0,0,0,0,0,0,California,100,2016,United States,Countrywise
05-07-2015,2015,28,22,38,0,0,0,0,0,0,0,0,0,0,0,33,100,0,0,60,0,0,0,0,0,0,0,0,0,0,Massachusetts,89,2016,United States,Countrywise
12-07-2015,2015,63,22,35,0,0,0,0,0,0,0,0,0,0,50,0,98,0,0,0,0,0,0,0,0,0,0,0,0,0,Missouri,72,2016,United States,Countrywise
19-07-2015,2015,59,11,37,30,0,0,0,0,0,0,0,0,0,50,0,0,0,0,0,0,0,0,0,0,0,0,0,0,0,Pennsylvania,66,2016,United States,Countrywise
26-07-2015,2015,38,22,32,0,0,0,0,0,0,0,0,38,0,50,34,0,0,0,59,0,0,0,0,89,0,0,0,0,0,Oregon,59,2016,United States,Countrywise
02-08-2015,2015,45,22,32,0,0,0,0,0,0,49,0,73,0,50,0,0,0,0,0,0,0,0,0,0,0,0,0,0,0,New York,53,2016,United States,Countrywise
09-08-2015,2015,100,22,100,0,0,0,86,0,0,0,0,73,0,0,0,0,0,0,0,0,0,0,0,0,0,0,0,0,0,Washington,52,2016,United States,Countrywise
16-08-2015,2015,70,32,42,0,0,0,0,0,0,0,0,0,0,100,0,0,0,0,0,0,0,0,0,86,0,0,0,0,0,Ohio,51,2016,United States,Countrywise
23-08-2015,2015,40,10,27,0,0,0,82,0,0,0,0,0,0,0,0,46,0,0,0,0,0,0,0,0,0,0,0,0,0,Arizona,43,2016,United States,Countrywise
30-08-2015,2015,50,10,48,0,0,0,0,0,0,0,0,35,95,0,0,0,0,0,0,0,0,0,0,0,0,0,0,0,0,Tennessee,42,2016,United States,Countrywise
06-09-2015,2015,42,21,35,0,0,0,0,0,0,0,0,0,0,50,0,46,0,0,0,0,0,0,0,0,0,0,0,0,0,New Jersey,42,2016,United States,Countrywise
13-09-2015,2015,28,20,24,0,0,0,0,81,0,0,0,0,0,0,0,0,0,0,0,0,0,0,0,0,0,0,0,0,0,Illinois,34,2016,United States,Countrywise
20-09-2015,2015,39,51,34,0,0,0,0,0,0,0,0,0,0,48,0,48,0,0,0,0,0,0,0,0,0,0,0,0,0,Texas,30,2016,United States,Countrywise
27-09-2015,2015,24,50,41,0,0,0,0,0,81,0,0,0,0,0,0,0,0,0,0,0,0,0,0,0,0,0,0,0,0,North Carolina,26,2016,United States,Countrywise
04-10-2015,2015,35,50,30,0,0,0,80,81,0,0,0,0,93,0,30,0,0,0,0,0,0,0,0,87,0,0,0,0,0,Florida,19,2016,United States,Countrywise
11-10-2015,2015,48,10,39,0,0,0,0,0,0,0,0,100,0,48,0,46,0,0,0,0,85,0,0,0,0,0,0,0,0,Virginia,15,2016,United States,Countrywise
18-10-2015,2015,45,30,20,0,0,0,0,0,0,0,0,33,0,47,0,0,0,0,0,0,0,0,0,0,0,0,0,0,0,Georgia,11,2016,United States,Countrywise
25-10-2015,2015,28,39,28,0,0,0,0,0,0,0,0,33,0,0,0,0,0,0,0,0,0,0,0,0,0,0,0,0,0,England,100,2016,United Kingdom,Countrywise
01-11-2015,2015,29,29,26,21,0,0,0,0,0,100,86,0,0,46,0,0,0,0,0,0,0,0,0,0,0,0,0,0,0,Mauritius,100,2017,Worldwide,Worldwide
08-11-2015,2015,33,10,20,0,43,0,0,73,0,0,0,32,0,0,0,0,0,0,0,0,0,0,0,0,0,0,0,0,0,India,46,2017,Worldwide,Worldwide
15-11-2015,2015,45,39,41,0,0,0,88,0,0,0,85,65,0,0,30,92,0,0,0,0,0,0,0,0,0,0,0,0,0,Sri Lanka,31,2017,Worldwide,Worldwide
22-11-2015,2015,19,21,30,0,0,0,0,0,82,47,0,0,0,45,30,0,0,0,0,0,0,0,0,0,0,0,0,0,0,United Arab Emirates,18,2017,Worldwide,Worldwide
29-11-2015,2015,30,10,16,0,44,0,0,0,0,49,0,64,0,0,0,0,0,0,0,0,0,0,0,0,0,0,0,0,0,Qatar,15,2017,Worldwide,Worldwide
06-12-2015,2015,19,19,17,0,43,0,0,0,0,48,0,0,0,0,0,0,0,0,0,0,0,0,0,0,0,0,0,0,0,Malaysia,9,2017,Worldwide,Worldwide
13-12-2015,2015,39,20,40,0,44,0,0,0,0,52,0,0,0,0,0,0,0,0,0,0,0,0,0,0,0,0,0,0,0,Bangladesh,8,2017,Worldwide,Worldwide
20-12-2015,2015,24,12,28,0,0,0,100,0,0,0,0,35,0,0,0,0,0,0,0,0,0,0,0,0,0,0,0,0,0,Singapore,8,2017,Worldwide,Worldwide
27-12-2015,2015,44,42,29,0,0,0,0,0,0,0,0,0,0,0,0,0,0,0,0,0,100,0,0,0,0,0,0,0,0,Pakistan,8,2017,Worldwide,Worldwide
05-01-2014,2014,46,29,60,0,0,0,0,0,51,54,0,0,0,0,0,50,0,0,0,0,0,0,0,0,0,0,0,0,0,Indonesia,7,2017,Worldwide,Worldwide
12-01-2014,2014,26,0,60,0,0,0,0,0,0,0,0,0,100,0,0,49,0,0,0,0,0,0,0,0,0,0,0,0,0,Australia,4,2017,Worldwide,Worldwide
19-01-2014,2014,39,14,46,0,0,0,0,81,0,0,0,56,0,0,0,0,0,0,0,0,0,0,0,0,0,0,0,0,0,Philippines,4,2017,Worldwide,Worldwide
26-01-2014,2014,75,43,59,0,0,0,0,0,56,0,0,0,0,48,0,0,0,0,0,0,0,0,0,0,0,0,0,0,0,United States,3,2017,Worldwide,Worldwide
02-02-2014,2014,44,61,62,0,0,0,0,0,0,0,0,0,0,100,0,50,0,0,0,0,0,0,0,100,0,0,0,0,0,Canada,3,2017,Worldwide,Worldwide
09-02-2014,2014,63,14,59,0,0,0,0,0,0,0,0,53,0,48,0,0,0,0,0,0,0,0,0,0,0,0,0,0,20,Netherlands,3,2017,Worldwide,Worldwide
16-02-2014,2014,50,43,88,0,51,0,0,0,0,0,91,52,0,0,0,46,0,0,0,0,0,0,0,0,0,0,0,0,0,Saudi Arabia,3,2017,Worldwide,Worldwide
23-02-2014,2014,24,14,55,0,0,0,0,0,0,0,0,0,0,0,0,0,0,0,0,0,0,0,0,0,0,0,0,0,0,United Kingdom,2,2017,Worldwide,Worldwide
02-03-2014,2014,29,100,76,100,0,0,0,0,97,0,0,0,52,49,46,46,0,0,0,0,0,0,0,0,0,0,0,0,0,Germany,1,2017,Worldwide,Worldwide
09-03-2014,2014,34,29,43,0,0,0,0,0,0,0,0,0,0,0,0,0,0,0,0,0,0,0,0,0,0,0,0,0,0,Tripura,100,2017,India,Countrywise
16-03-2014,2014,55,15,63,0,0,0,0,0,0,0,0,0,49,0,46,0,0,0,0,0,0,0,0,0,0,0,0,0,0,Meghalaya,95,2017,India,Countrywise
23-03-2014,2014,61,71,79,0,0,0,0,44,0,0,0,0,0,0,0,0,0,0,0,0,5,0,0,0,0,0,0,0,0,Manipur,93,2017,India,Countrywise
30-03-2014,2014,34,14,47,0,0,0,0,0,0,0,0,0,51,49,0,46,0,0,0,0,0,0,0,0,0,0,0,0,0,Karnataka,85,2017,India,Countrywise
06-04-2014,2014,49,0,30,0,0,0,0,0,49,0,0,0,0,0,0,46,0,0,0,0,0,0,0,0,0,0,0,0,0,Jharkhand,65,2017,India,Countrywise
13-04-2014,2014,35,0,26,0,0,0,0,0,48,0,0,0,0,0,0,0,0,0,0,0,0,0,0,0,0,0,0,0,0,Kerala,53,2017,India,Countrywise
20-04-2014,2014,39,44,69,0,0,0,0,0,0,0,0,51,0,0,0,100,0,0,0,0,0,0,0,0,0,0,0,0,0,Goa,50,2017,India,Countrywise
27-04-2014,2014,25,44,77,0,0,0,95,0,100,0,0,51,0,0,0,0,0,0,0,0,0,0,0,0,0,0,0,0,0,Punjab,48,2017,India,Countrywise
04-05-2014,2014,38,59,59,0,0,0,0,43,49,0,0,0,0,0,48,0,0,0,0,0,0,0,0,0,0,0,0,0,0,Odisha,44,2017,India,Countrywise
11-05-2014,2014,23,91,76,0,0,0,93,43,0,0,0,0,0,99,0,0,0,0,0,0,0,0,0,78,0,0,0,0,0,West Bengal,41,2017,India,Countrywise
18-05-2014,2014,29,48,41,0,51,0,0,0,0,0,0,0,0,0,53,48,0,0,0,0,0,0,0,0,0,0,0,0,0,Chhattisgarh,41,2017,India,Countrywise
25-05-2014,2014,14,18,56,0,0,0,0,0,53,0,0,0,0,0,0,0,0,0,0,0,0,0,0,0,0,0,0,0,0,Maharashtra,36,2017,India,Countrywise
01-06-2014,2014,29,17,84,0,0,0,0,0,54,0,0,0,0,54,0,0,0,0,0,0,0,0,0,0,0,0,0,0,0,Uttar Pradesh,31,2017,India,Countrywise
08-06-2014,2014,31,68,95,96,0,0,0,0,0,53,0,0,0,0,0,0,0,0,0,0,0,0,0,0,0,0,0,0,0,Telangana,31,2017,India,Countrywise
15-06-2014,2014,34,89,67,0,0,0,0,0,0,0,0,0,0,0,0,0,0,0,0,0,0,0,0,0,0,0,0,0,0,Tamil Nadu,28,2017,India,Countrywise
22-06-2014,2014,64,35,91,0,0,0,0,0,0,0,0,0,0,0,0,0,0,0,0,0,0,0,0,0,0,0,0,0,0,Andhra Pradesh,28,2017,India,Countrywise
29-06-2014,2014,20,18,48,0,0,0,0,0,0,51,0,0,0,0,0,0,0,0,0,0,0,0,0,0,0,0,0,0,0,Uttarakhand,27,2017,India,Countrywise
06-07-2014,2014,31,17,53,0,0,0,100,0,0,100,100,0,0,56,0,54,0,0,0,0,0,0,0,0,0,0,0,0,0,Assam,22,2017,India,Countrywise
13-07-2014,2014,57,17,72,0,100,0,0,51,0,0,0,0,0,0,0,0,0,0,0,0,0,0,0,83,0,0,0,0,0,Madhya Pradesh,20,2017,India,Countrywise
20-07-2014,2014,40,17,39,0,0,0,0,0,55,0,0,56,0,0,0,0,0,0,0,0,0,0,0,0,0,0,0,0,0,Rajasthan,20,2017,India,Countrywise
27-07-2014,2014,45,17,53,0,0,0,0,0,0,0,0,0,0,0,0,52,0,0,0,0,0,0,0,0,0,0,0,0,0,Himachal Pradesh,20,2017,India,Countrywise
03-08-2014,2014,53,55,75,0,0,0,0,0,0,0,0,0,63,0,0,0,0,0,0,0,0,0,0,0,0,0,0,0,0,Chandigarh,20,2017,India,Countrywise
10-08-2014,2014,40,50,80,0,0,0,0,0,0,0,0,0,0,55,0,0,0,0,0,0,0,0,0,0,0,0,0,0,0,Haryana,19,2017,India,Countrywise
17-08-2014,2014,86,33,61,0,0,0,0,0,0,0,0,50,0,0,0,0,0,0,0,0,0,0,0,0,0,0,0,0,0,Delhi,19,2017,India,Countrywise
24-08-2014,2014,46,33,64,0,0,0,0,48,0,0,0,100,0,0,0,50,0,0,0,0,0,0,0,0,0,0,0,0,0,Bihar,18,2017,India,Countrywise
31-08-2014,2014,85,33,100,0,0,0,0,0,0,0,0,49,0,0,0,0,0,0,0,0,0,0,0,0,0,0,0,0,0,Gujarat,13,2017,India,Countrywise
07-09-2014,2014,39,48,93,0,0,0,0,0,0,0,0,49,0,0,0,0,0,0,0,0,0,0,0,0,0,0,0,0,0,Jammu & Kashmir,8,2017,India,Countrywise
14-09-2014,2014,22,32,58,0,0,0,0,0,0,0,0,48,0,52,52,0,0,0,0,0,0,0,0,0,0,0,0,0,0,New Jersey,100,2017,United States,Countrywise
21-09-2014,2014,100,65,75,0,0,0,0,45,0,0,0,49,0,0,0,0,0,0,0,0,0,0,0,0,0,0,0,0,0,Virginia,92,2017,United States,Countrywise
28-09-2014,2014,37,32,54,0,0,0,96,0,0,0,0,99,0,52,0,0,0,0,0,0,0,0,0,0,0,0,0,0,0,Missouri,87,2017,United States,Countrywise
05-10-2014,2014,39,48,57,0,0,0,0,100,0,0,0,50,0,0,0,0,0,0,0,0,0,0,0,0,0,0,0,0,0,California,78,2017,United States,Countrywise
12-10-2014,2014,72,48,61,0,0,0,0,0,0,0,0,0,0,0,0,0,0,0,0,0,0,0,0,0,0,0,0,0,0,Ohio,69,2017,United States,Countrywise
19-10-2014,2014,37,0,52,0,0,0,0,0,0,0,0,0,50,0,50,0,0,0,0,0,0,0,0,0,0,0,0,0,0,Washington,63,2017,United States,Countrywise
26-10-2014,2014,44,16,49,0,0,0,0,0,0,50,0,98,0,52,0,0,0,0,0,0,0,0,0,0,0,0,0,0,0,Oregon,53,2017,United States,Countrywise
02-11-2014,2014,27,31,60,0,0,0,95,0,0,97,85,0,0,0,0,50,0,0,0,0,0,0,0,0,0,0,0,0,0,Pennsylvania,51,2017,United States,Countrywise
09-11-2014,2014,48,16,64,0,0,0,0,46,0,0,0,0,0,0,100,0,0,0,0,0,0,0,0,0,0,0,0,0,0,New York,51,2017,United States,Countrywise
16-11-2014,2014,60,95,57,0,45,0,96,0,0,48,0,0,50,0,0,0,0,0,0,0,0,0,0,72,0,0,0,0,0,North Carolina,35,2017,United States,Countrywise
23-11-2014,2014,22,50,55,0,0,0,0,0,0,0,0,0,49,0,0,0,0,0,0,0,0,0,0,0,0,0,0,0,0,Illinois,33,2017,United States,Countrywise
30-11-2014,2014,50,30,63,0,0,0,0,0,0,47,0,0,0,0,49,51,0,0,0,0,0,0,0,0,0,0,0,0,0,Georgia,31,2017,United States,Countrywise
07-12-2014,2014,16,46,47,0,44,0,0,0,0,46,0,0,0,52,50,0,0,0,0,0,0,0,0,0,0,0,0,0,0,Florida,29,2017,United States,Countrywise
14-12-2014,2014,44,33,52,0,0,0,0,0,0,51,85,0,50,54,52,0,0,0,0,0,0,0,0,0,0,0,0,0,0,Texas,29,2017,United States,Countrywise
21-12-2014,2014,22,38,97,0,86,0,0,0,0,0,0,0,0,0,0,0,0,0,0,0,0,0,0,0,0,0,0,0,0,Michigan,25,2017,United States,Countrywise
28-12-2014,2014,38,53,51,0,44,0,0,0,0,0,0,52,53,0,0,0,0,0,0,0,0,0,0,0,0,0,0,0,0,Arizona,19,2017,United States,Countrywise
06-01-2013,2013,90,0,51,0,0,0,0,0,100,0,0,0,0,0,0,0,0,0,0,0,0,0,0,100,0,0,0,0,0,Massachusetts,15,2017,United States,Countrywise
13-01-2013,2013,54,68,42,0,0,0,0,0,0,0,0,0,0,0,0,0,0,0,0,0,0,0,0,0,0,0,0,0,0,England,100,2017,United Kingdom,Countrywise
20-01-2013,2013,36,23,51,0,0,0,0,0,0,0,0,0,0,15,0,0,0,0,0,0,0,0,0,0,0,0,0,0,0,India,100,2018,Worldwide,Worldwide
27-01-2013,2013,80,22,91,0,0,0,0,0,0,0,0,0,0,0,0,0,0,0,0,0,0,0,0,0,0,0,0,0,0,Sri Lanka,99,2018,Worldwide,Worldwide
03-02-2013,2013,52,0,54,0,62,0,0,54,0,0,0,0,0,16,0,0,0,0,0,0,0,0,0,0,0,0,0,0,0,Mauritius,90,2018,Worldwide,Worldwide
10-02-2013,2013,35,56,55,0,60,0,0,0,0,0,0,0,0,16,0,0,0,0,0,0,0,0,0,0,0,0,0,0,0,Trinidad & Tobago,77,2018,Worldwide,Worldwide
17-02-2013,2013,59,34,66,0,0,0,0,0,0,0,100,0,0,17,0,0,0,0,0,0,0,0,0,0,0,0,0,0,0,United Arab Emirates,32,2018,Worldwide,Worldwide
24-02-2013,2013,66,22,66,0,0,0,0,0,0,0,0,0,0,32,0,84,0,0,0,0,0,0,0,0,0,0,0,0,0,Nepal,18,2018,Worldwide,Worldwide
03-03-2013,2013,51,22,45,0,0,0,0,0,0,0,0,58,87,0,0,0,0,0,0,0,0,0,0,0,0,0,0,0,0,Philippines,17,2018,Worldwide,Worldwide
10-03-2013,2013,58,34,37,100,0,0,0,0,0,0,0,0,0,0,0,0,0,0,0,0,0,0,0,0,0,0,0,0,0,Pakistan,14,2018,Worldwide,Worldwide
17-03-2013,2013,40,22,44,0,0,0,0,0,0,0,0,0,0,0,0,83,0,0,0,0,0,0,0,0,0,0,0,0,0,Indonesia,14,2018,Worldwide,Worldwide
24-03-2013,2013,74,34,76,0,0,100,0,0,91,0,0,0,0,0,49,0,0,0,0,0,0,0,0,0,0,0,0,0,0,Bangladesh,13,2018,Worldwide,Worldwide
31-03-2013,2013,97,34,57,0,0,0,0,0,0,0,0,0,0,0,47,0,0,0,0,0,0,0,0,0,0,0,0,0,0,Malaysia,13,2018,Worldwide,Worldwide
07-04-2013,2013,72,11,53,0,0,0,0,51,0,0,0,0,0,0,0,0,0,0,0,0,0,0,0,0,0,0,0,0,0,Canada,9,2018,Worldwide,Worldwide
14-04-2013,2013,32,33,45,0,0,0,0,0,0,0,0,55,87,0,0,0,0,0,0,0,0,0,0,0,0,0,0,0,0,United States,8,2018,Worldwide,Worldwide
21-04-2013,2013,39,68,45,0,0,0,0,0,0,0,0,0,0,0,0,0,0,0,0,0,0,0,0,0,0,0,0,0,0,United Kingdom,7,2018,Worldwide,Worldwide
28-04-2013,2013,40,23,25,0,0,0,0,49,0,0,0,0,0,0,49,0,0,0,0,0,30,0,0,0,0,0,0,0,0,Australia,6,2018,Worldwide,Worldwide
05-05-2013,2013,85,56,78,0,0,0,0,0,0,0,0,0,92,0,0,0,0,0,0,0,0,0,0,0,0,0,0,0,0,Netherlands,6,2018,Worldwide,Worldwide
12-05-2013,2013,62,58,49,0,0,0,0,0,0,0,0,0,0,0,0,0,0,0,0,0,0,0,0,0,0,0,0,0,0,Germany,1,2018,Worldwide,Worldwide
19-05-2013,2013,40,12,56,0,0,0,0,0,91,0,0,0,0,0,49,0,0,0,0,0,0,0,0,0,0,0,0,0,0,Nagaland,100,2018,India,Countrywise
26-05-2013,2013,45,36,57,0,0,0,0,0,0,0,0,0,0,0,0,0,0,0,0,0,0,0,0,0,0,0,0,0,0,Karnataka,98,2018,India,Countrywise
02-06-2013,2013,66,34,84,0,0,0,0,0,0,0,0,0,0,17,0,0,0,0,0,0,0,0,0,0,0,0,0,0,0,Tripura,98,2018,India,Countrywise
09-06-2013,2013,59,0,44,0,0,0,0,0,0,52,0,0,0,0,49,0,0,0,0,0,0,0,0,0,0,0,0,0,0,Kerala,65,2018,India,Countrywise
16-06-2013,2013,38,12,65,0,0,0,0,0,0,100,0,0,0,16,47,0,0,0,0,0,0,0,0,0,0,0,0,0,0,Odisha,48,2018,India,Countrywise
23-06-2013,2013,81,12,69,0,0,0,0,48,0,0,0,0,0,0,0,83,0,0,0,0,0,0,0,0,0,0,0,0,0,West Bengal,46,2018,India,Countrywise
30-06-2013,2013,44,12,50,0,0,0,100,0,0,50,0,0,0,0,0,0,0,0,0,0,0,0,0,0,0,0,0,0,0,Jharkhand,45,2018,India,Countrywise
07-07-2013,2013,81,0,41,0,0,0,100,0,0,0,0,0,0,18,0,0,0,0,0,0,0,0,0,0,0,0,0,0,0,Maharashtra,36,2018,India,Countrywise
14-07-2013,2013,88,35,100,0,0,0,0,0,0,0,0,0,0,0,0,0,0,0,0,0,0,0,0,0,0,0,0,0,0,Telangana,35,2018,India,Countrywise
21-07-2013,2013,57,0,49,0,0,0,0,0,0,0,86,0,100,17,49,0,0,0,0,0,0,0,0,0,0,0,0,0,0,Delhi,35,2018,India,Countrywise
28-07-2013,2013,78,0,53,0,0,0,0,0,0,50,0,0,0,100,0,81,0,0,0,0,0,0,0,0,0,0,0,0,0,Rajasthan,34,2018,India,Countrywise
04-08-2013,2013,100,47,83,0,0,0,0,0,0,48,0,0,0,17,100,0,0,0,0,0,0,0,0,0,0,0,0,0,0,Tamil Nadu,30,2018,India,Countrywise
11-08-2013,2013,57,0,37,0,0,0,0,0,0,0,0,0,0,0,49,0,0,0,0,0,0,0,0,0,0,0,0,0,0,Madhya Pradesh,30,2018,India,Countrywise
18-08-2013,2013,72,34,69,0,0,0,0,100,0,48,0,52,89,17,0,0,0,0,0,0,0,0,0,0,0,0,0,0,0,Punjab,30,2018,India,Countrywise
25-08-2013,2013,57,33,90,0,0,0,0,0,88,0,0,100,88,0,0,0,0,0,0,0,0,0,0,0,0,0,0,0,0,Chhattisgarh,28,2018,India,Countrywise
01-09-2013,2013,50,45,59,0,0,0,0,0,0,0,0,98,0,16,0,0,0,0,0,0,0,0,0,0,0,0,0,0,0,Andhra Pradesh,27,2018,India,Countrywise
08-09-2013,2013,65,11,50,0,0,0,93,0,0,49,0,48,80,16,45,0,0,0,0,0,0,0,0,0,0,0,0,0,0,Assam,26,2018,India,Countrywise
15-09-2013,2013,64,33,65,89,0,0,0,46,0,0,0,47,0,32,0,0,0,0,0,0,0,0,0,0,0,0,0,0,0,Gujarat,25,2018,India,Countrywise
22-09-2013,2013,21,22,58,0,0,0,0,0,0,0,0,0,0,0,0,0,0,0,0,0,0,0,0,0,0,0,0,0,0,Bihar,25,2018,India,Countrywise
29-09-2013,2013,63,44,42,0,0,0,0,0,0,0,0,0,0,0,0,0,0,0,0,0,0,0,0,0,0,0,0,0,0,Chandigarh,25,2018,India,Countrywise
06-10-2013,2013,29,100,69,0,0,0,0,0,0,48,0,0,0,16,0,0,0,0,0,0,0,0,0,0,0,0,0,0,0,Uttar Pradesh,23,2018,India,Countrywise
13-10-2013,2013,73,66,58,0,0,0,0,0,0,0,0,0,0,0,47,0,0,0,0,0,0,0,0,0,0,0,0,0,0,Haryana,23,2018,India,Countrywise
20-10-2013,2013,63,22,44,0,100,0,0,0,0,0,0,0,0,15,0,0,0,0,0,0,0,0,0,0,0,0,0,0,0,Goa,22,2018,India,Countrywise
27-10-2013,2013,45,33,49,0,0,0,0,0,0,0,0,0,0,0,45,0,0,0,0,0,0,0,0,0,0,0,0,0,0,Uttarakhand,19,2018,India,Countrywise
03-11-2013,2013,92,22,45,88,0,0,0,0,0,0,0,45,0,0,44,0,0,0,0,0,0,0,0,0,0,0,0,0,0,Himachal Pradesh,15,2018,India,Countrywise
10-11-2013,2013,57,32,71,0,0,0,0,0,0,51,0,0,80,0,0,0,0,0,0,0,0,0,0,0,0,0,0,0,0,Jammu & Kashmir,7,2018,India,Countrywise
17-11-2013,2013,43,11,22,0,0,0,0,44,0,50,0,0,0,15,88,0,0,0,0,0,0,0,0,0,0,0,0,0,0,Oregon,100,2018,United States,Countrywise
24-11-2013,2013,84,46,82,0,0,0,0,0,0,50,0,0,0,30,0,0,0,0,0,0,0,0,0,0,0,0,0,0,0,Massachusetts,99,2018,United States,Countrywise
01-12-2013,2013,55,40,40,0,0,0,0,0,0,0,0,0,0,0,0,81,0,0,0,0,0,0,0,0,0,0,0,0,0,New Jersey,97,2018,United States,Countrywise
08-12-2013,2013,82,11,82,0,0,0,0,0,0,0,69,76,0,0,0,0,0,0,0,0,0,0,0,0,0,0,0,0,0,California,68,2018,United States,Countrywise
15-12-2013,2013,76,0,57,0,0,0,0,0,0,0,0,0,0,0,0,0,0,0,0,0,0,0,0,0,0,0,0,0,0,Pennsylvania,64,2018,United States,Countrywise
22-12-2013,2013,33,13,30,0,0,0,0,0,0,0,0,0,0,0,0,100,0,0,0,0,0,0,0,0,0,0,0,0,0,North Carolina,59,2018,United States,Countrywise
29-12-2013,2013,27,34,56,0,0,0,100,0,0,0,0,0,0,0,0,0,0,0,0,0,0,0,0,0,0,0,0,0,0,Illinois,50,2018,United States,Countrywise
01-01-2012,2012,49,36,66,0,0,0,0,0,0,0,0,0,0,32,0,0,0,0,0,0,0,0,0,0,0,0,0,0,0,New York,47,2018,United States,Countrywise
08-01-2012,2012,57,34,67,0,57,0,0,0,0,55,100,0,0,0,48,0,0,0,0,0,0,0,0,0,0,0,0,0,0,Virginia,38,2018,United States,Countrywise
15-01-2012,2012,88,17,76,0,0,0,0,0,0,0,0,0,100,30,0,0,0,0,0,0,0,0,0,0,0,0,0,0,0,Texas,33,2018,United States,Countrywise
22-01-2012,2012,32,33,36,0,0,0,0,0,100,0,0,0,0,0,0,0,0,0,0,0,0,0,0,0,0,0,0,0,0,Washington,23,2018,United States,Countrywise
29-01-2012,2012,64,33,100,0,0,0,0,0,0,0,0,0,0,31,0,0,0,0,0,0,0,0,0,0,0,0,0,0,0,Florida,17,2018,United States,Countrywise
05-02-2012,2012,55,67,74,0,0,0,55,0,0,0,0,0,51,0,0,0,0,0,0,0,0,0,0,0,0,0,0,0,0,Michigan,10,2018,United States,Countrywise
12-02-2012,2012,55,33,55,0,0,0,0,0,0,0,0,0,0,31,0,0,0,0,0,0,0,0,0,0,0,0,0,0,0,Ohio,8,2018,United States,Countrywise
19-02-2012,2012,55,50,61,0,0,0,0,0,86,0,0,0,0,0,0,0,0,0,0,0,0,0,0,0,0,0,0,0,0,Georgia,8,2018,United States,Countrywise
26-02-2012,2012,62,17,86,0,54,0,0,0,0,0,0,0,0,32,47,0,0,0,0,0,0,0,0,0,0,0,0,0,0,Scotland,100,2018,United Kingdom,Countrywise
04-03-2012,2012,16,51,40,0,54,0,0,0,0,0,0,0,0,32,0,0,0,0,0,0,0,0,0,0,0,0,0,0,0,England,93,2018,United Kingdom,Countrywise
11-03-2012,2012,52,51,49,100,0,0,0,0,0,0,0,0,0,63,0,53,0,0,0,0,0,0,0,0,0,0,0,0,0,Mauritius,100,2019,Worldwide,Worldwide
18-03-2012,2012,75,0,30,0,0,0,0,0,0,0,0,0,0,32,0,52,0,0,0,0,0,0,0,0,0,0,0,0,0,India,48,2019,Worldwide,Worldwide
25-03-2012,2012,45,17,55,0,0,0,0,0,0,0,0,0,0,67,0,0,0,0,0,0,0,0,0,0,0,0,0,0,0,Sri Lanka,38,2019,Worldwide,Worldwide
01-04-2012,2012,23,52,31,0,0,0,0,0,81,0,0,0,0,0,0,0,0,0,0,0,0,0,0,0,0,0,0,0,0,United Arab Emirates,30,2019,Worldwide,Worldwide
08-04-2012,2012,39,17,36,0,0,0,0,0,0,0,0,0,0,0,0,0,0,0,100,0,0,0,0,0,0,0,0,0,0,Qatar,22,2019,Worldwide,Worldwide
15-04-2012,2012,31,50,45,0,0,0,0,0,0,0,0,0,49,31,0,52,0,0,0,0,0,0,0,0,0,0,0,0,0,Bangladesh,12,2019,Worldwide,Worldwide
22-04-2012,2012,47,67,34,50,0,0,0,100,0,0,0,0,0,0,0,0,0,0,0,0,0,0,0,0,0,0,0,0,0,Singapore,11,2019,Worldwide,Worldwide
29-04-2012,2012,24,16,40,0,0,0,0,0,0,0,90,0,0,0,0,51,0,0,0,0,0,0,0,0,0,0,0,0,0,Philippines,10,2019,Worldwide,Worldwide
06-05-2012,2012,78,100,69,0,0,0,0,0,0,0,0,0,0,0,48,0,0,0,0,0,0,0,0,0,0,0,0,0,0,United States,3,2019,Worldwide,Worldwide
13-05-2012,2012,8,69,60,0,0,0,0,0,0,0,0,0,0,0,0,0,0,0,0,0,0,0,0,0,0,0,0,0,0,Pakistan,3,2019,Worldwide,Worldwide
20-05-2012,2012,29,17,45,0,0,0,0,96,0,0,0,0,0,32,0,0,0,0,0,0,0,0,0,0,0,0,0,0,0,Canada,3,2019,Worldwide,Worldwide
27-05-2012,2012,7,17,39,0,0,0,0,0,0,0,0,0,53,0,0,100,0,0,0,0,0,0,0,0,0,0,0,0,0,Australia,3,2019,Worldwide,Worldwide
03-06-2012,2012,71,51,74,0,0,0,0,0,0,52,0,0,0,33,48,0,0,0,0,0,0,0,0,0,0,0,0,0,0,United Kingdom,2,2019,Worldwide,Worldwide
10-06-2012,2012,100,17,44,0,0,0,0,0,79,52,0,0,0,0,0,0,0,0,0,0,60,0,0,0,0,0,0,0,0,Indonesia,2,2019,Worldwide,Worldwide
17-06-2012,2012,51,69,73,0,0,0,0,0,0,0,0,100,0,0,49,0,0,0,0,0,0,0,0,0,0,0,0,0,0,Malaysia,2,2019,Worldwide,Worldwide
24-06-2012,2012,43,17,45,0,0,0,0,0,80,100,0,0,51,0,0,0,0,0,0,0,0,0,0,0,0,0,0,0,0,Netherlands,2,2019,Worldwide,Worldwide
01-07-2012,2012,35,89,70,0,0,0,0,0,0,49,0,0,54,0,0,0,0,0,0,0,0,0,0,0,0,0,0,0,0,Sweden,2,2019,Worldwide,Worldwide
08-07-2012,2012,49,17,70,47,100,0,0,0,0,0,84,0,0,31,0,0,0,0,0,0,0,0,0,0,0,0,0,0,0,Colombia,1,2019,Worldwide,Worldwide
15-07-2012,2012,28,17,65,0,0,0,0,0,0,50,88,0,0,0,100,0,0,0,0,0,0,0,0,0,0,0,0,0,0,Germany,1,2019,Worldwide,Worldwide
22-07-2012,2012,34,16,50,0,0,0,100,0,0,49,0,0,0,0,50,0,0,0,0,0,0,0,0,0,0,0,0,0,0,Arunachal Pradesh,100,2019,India,Countrywise
29-07-2012,2012,35,33,40,0,0,0,0,0,0,0,0,0,0,32,0,0,0,0,0,0,0,0,0,0,0,0,0,0,0,Karnataka,98,2019,India,Countrywise
05-08-2012,2012,34,17,40,0,0,0,0,0,0,50,0,0,0,0,0,0,0,0,0,0,0,0,0,0,0,0,0,0,0,Kerala,82,2019,India,Countrywise
12-08-2012,2012,50,17,70,0,0,10,0,0,0,0,0,0,0,0,0,49,0,0,0,0,0,0,0,0,0,0,0,0,0,Bihar,53,2019,India,Countrywise
19-08-2012,2012,34,33,55,0,0,0,0,0,0,0,0,0,0,0,0,48,0,0,0,0,0,0,0,0,0,0,0,0,0,Jharkhand,48,2019,India,Countrywise
26-08-2012,2012,74,0,77,0,50,0,0,0,0,0,83,98,51,0,49,0,0,0,0,0,0,0,0,0,0,0,0,0,0,Haryana,47,2019,India,Countrywise
02-09-2012,2012,13,33,73,0,0,0,0,98,0,0,0,0,0,0,0,0,0,0,0,0,0,0,0,0,0,0,0,0,0,Meghalaya,47,2019,India,Countrywise
09-09-2012,2012,33,16,57,0,0,0,0,0,0,0,0,0,0,0,0,48,0,0,0,0,0,0,0,0,0,0,0,0,0,Uttarakhand,46,2019,India,Countrywise
16-09-2012,2012,33,48,33,0,0,0,0,0,0,0,0,0,0,0,0,0,0,0,0,0,0,0,0,0,0,0,0,0,0,Tripura,45,2019,India,Countrywise
23-09-2012,2012,54,79,56,0,0,0,0,92,0,0,0,0,0,58,45,0,0,0,0,0,0,0,0,0,0,0,0,0,0,Delhi,41,2019,India,Countrywise
30-09-2012,2012,67,47,42,0,0,0,0,0,73,0,0,0,0,29,45,0,0,0,0,0,0,0,0,0,0,0,0,0,0,Goa,40,2019,India,Countrywise
07-10-2012,2012,72,15,64,0,0,0,0,0,0,0,0,0,0,0,0,0,0,0,0,0,0,0,0,0,0,0,0,0,0,Maharashtra,39,2019,India,Countrywise
14-10-2012,2012,13,15,54,0,0,0,0,0,0,0,0,86,0,0,0,0,0,0,0,0,0,0,0,0,0,0,0,0,0,Manipur,39,2019,India,Countrywise
21-10-2012,2012,34,30,40,0,0,0,0,0,73,0,95,0,0,28,0,47,0,0,0,0,0,0,0,0,0,0,0,0,0,West Bengal,38,2019,India,Countrywise
28-10-2012,2012,19,46,72,0,0,0,0,0,0,0,0,0,0,0,0,0,0,0,0,0,0,0,0,0,0,0,0,0,0,Jammu & Kashmir,38,2019,India,Countrywise
04-11-2012,2012,20,15,44,0,0,0,0,88,0,0,0,0,0,0,0,46,0,0,0,0,0,0,0,0,0,0,0,0,0,Telangana,36,2019,India,Countrywise
11-11-2012,2012,49,60,57,0,0,0,0,0,0,0,0,86,0,0,0,0,0,0,0,0,0,0,0,0,0,0,0,0,0,Uttar Pradesh,36,2019,India,Countrywise
18-11-2012,2012,27,48,53,0,0,7,0,0,0,0,0,0,0,27,0,0,0,0,0,0,0,0,0,0,0,0,0,0,0,Tamil Nadu,34,2019,India,Countrywise
25-11-2012,2012,19,14,43,0,43,0,0,0,0,0,0,0,0,0,0,0,0,0,0,0,0,0,0,0,0,0,0,0,0,Odisha,33,2019,India,Countrywise
02-12-2012,2012,51,0,48,0,0,0,0,0,0,0,0,80,44,0,83,0,0,0,0,0,0,0,0,0,0,0,0,0,0,Assam,33,2019,India,Countrywise
09-12-2012,2012,30,43,48,0,0,0,0,86,0,0,0,0,0,0,0,0,0,0,0,0,0,0,0,0,0,0,0,0,0,Punjab,33,2019,India,Countrywise
16-12-2012,2012,53,60,67,0,42,0,0,0,0,0,0,0,45,0,0,0,0,0,0,0,0,0,0,0,0,0,0,0,0,Himachal Pradesh,28,2019,India,Countrywise
23-12-2012,2012,69,17,39,0,0,0,0,0,0,0,0,0,0,100,0,0,0,0,0,0,0,0,0,0,0,0,0,0,0,Chhattisgarh,27,2019,India,Countrywise
30-12-2012,2012,28,61,51,0,0,0,0,0,0,0,0,0,0,0,0,0,0,0,0,0,0,0,0,0,0,0,0,0,0,Madhya Pradesh,27,2019,India,Countrywise
03-01-2021,2021,18,30,33,0,0,0,0,100,0,0,0,0,0,88,0,0,0,0,0,0,0,0,0,0,0,0,0,0,0,Andhra Pradesh,25,2019,India,Countrywise
10-01-2021,2021,31,45,31,0,54,0,0,0,0,6,0,0,0,44,49,100,0,0,0,0,95,0,0,0,0,0,0,0,0,Gujarat,21,2019,India,Countrywise
17-01-2021,2021,100,15,100,0,0,0,0,0,0,18,0,0,0,0,49,0,0,0,0,0,0,0,100,0,0,0,0,0,0,Rajasthan,21,2019,India,Countrywise
24-01-2021,2021,26,45,38,0,0,0,0,0,0,12,0,0,0,87,49,0,0,0,0,0,0,0,0,0,0,0,0,0,0,Chandigarh,10,2019,India,Countrywise
31-01-2021,2021,30,0,63,0,57,0,0,0,0,19,0,0,0,90,49,100,0,0,0,0,0,0,0,0,0,0,0,0,0,California,100,2019,United States,Countrywise
07-02-2021,2021,36,61,43,0,0,0,0,0,0,12,0,0,0,45,49,0,0,0,0,0,0,0,0,0,0,0,0,0,0,Pennsylvania,96,2019,United States,Countrywise
14-02-2021,2021,36,31,52,0,0,0,0,96,0,25,0,33,0,0,0,99,0,0,0,0,0,0,0,0,0,0,0,0,0,Missouri,79,2019,United States,Countrywise
21-02-2021,2021,31,15,46,0,0,0,0,0,0,12,89,96,0,45,100,0,0,0,0,0,0,0,0,0,0,0,0,0,0,Ohio,79,2019,United States,Countrywise
28-02-2021,2021,23,31,41,0,56,0,0,95,50,12,0,32,0,45,50,0,0,0,0,0,0,0,0,0,0,0,0,0,0,Massachusetts,75,2019,United States,Countrywise
07-03-2021,2021,33,62,44,0,0,0,0,97,0,6,0,65,0,0,0,0,0,0,0,0,0,0,0,0,0,0,0,0,0,North Carolina,69,2019,United States,Countrywise
14-03-2021,2021,75,100,74,0,0,0,0,0,100,18,0,58,0,0,0,0,0,0,0,0,0,0,0,0,0,0,0,0,0,Tennessee,69,2019,United States,Countrywise
21-03-2021,2021,39,15,49,0,0,0,0,97,0,100,0,0,0,0,0,0,0,0,0,0,0,0,0,0,0,0,0,0,0,Georgia,69,2019,United States,Countrywise
28-03-2021,2021,31,16,60,0,0,0,0,0,0,82,0,34,100,0,0,0,0,0,0,0,0,0,0,0,0,0,0,0,0,Illinois,65,2019,United States,Countrywise
04-04-2021,2021,15,61,64,31,0,0,0,0,0,63,0,100,0,0,0,0,0,0,0,0,100,0,0,0,0,0,0,0,0,New York,61,2019,United States,Countrywise
11-04-2021,2021,36,62,44,0,0,0,0,96,0,30,98,0,0,0,49,0,0,0,0,0,0,0,0,0,0,0,0,0,0,Washington,58,2019,United States,Countrywise
18-04-2021,2021,25,46,40,0,0,0,0,0,0,61,0,33,0,0,0,0,0,0,0,0,0,0,0,0,0,100,0,0,0,Texas,55,2019,United States,Countrywise
25-04-2021,2021,39,78,51,0,0,0,0,0,0,48,0,0,0,48,49,0,0,0,0,0,0,0,0,79,0,0,0,0,0,Virginia,47,2019,United States,Countrywise
02-05-2021,2021,21,46,44,0,0,0,0,0,49,36,100,70,48,0,0,0,0,0,0,0,0,0,0,0,0,0,0,0,0,New Jersey,45,2019,United States,Countrywise
09-05-2021,2021,42,48,37,0,0,0,0,0,0,80,0,0,0,0,0,0,0,0,100,0,0,0,0,100,0,0,0,0,0,Arizona,45,2019,United States,Countrywise
16-05-2021,2021,15,16,34,0,0,0,0,0,0,30,0,36,0,0,50,0,0,0,0,0,0,0,0,0,0,0,0,0,0,Florida,21,2019,United States,Countrywise
23-05-2021,2021,31,63,58,0,0,0,0,0,0,50,0,0,0,50,51,0,0,0,0,0,0,0,0,76,0,0,0,0,0,Michigan,16,2019,United States,Countrywise
30-05-2021,2021,28,32,48,0,0,0,0,0,0,25,0,33,0,53,0,0,0,0,0,0,0,0,0,0,0,0,0,0,0,Scotland,100,2019,United Kingdom,Countrywise
06-06-2021,2021,38,16,40,0,0,0,0,0,0,6,0,0,0,0,0,0,0,0,0,0,0,100,0,0,0,0,0,0,0,England,73,2019,United Kingdom,Countrywise
13-06-2021,2021,29,16,36,0,100,0,100,0,46,13,0,0,0,0,0,0,0,0,0,0,0,0,0,0,0,0,0,0,0,India,100,2020,Worldwide,Worldwide
20-06-2021,2021,26,64,49,0,0,0,0,95,0,6,0,0,0,100,0,0,0,0,0,0,0,0,0,0,0,0,0,0,0,Mauritius,73,2020,Worldwide,Worldwide
27-06-2021,2021,8,0,13,0,0,0,0,0,0,0,0,0,0,0,0,0,0,0,0,0,0,0,0,0,0,0,0,0,0,Qatar,60,2020,Worldwide,Worldwide
,,,,,,,,,,,,,,,,,,,,,,,,,,,,,,,Nepal,56,2020,Worldwide,Worldwide
,,,,,,,,,,,,,,,,,,,,,,,,,,,,,,,United Arab Emirates,55,2020,Worldwide,Worldwide
,,,,,,,,,,,,,,,,,,,,,,,,,,,,,,,Sri Lanka,53,2020,Worldwide,Worldwide
,,,,,,,,,,,,,,,,,,,,,,,,,,,,,,,Philippines,17,2020,Worldwide,Worldwide
,,,,,,,,,,,,,,,,,,,,,,,,,,,,,,,Singapore,16,2020,Worldwide,Worldwide
,,,,,,,,,,,,,,,,,,,,,,,,,,,,,,,Bangladesh,15,2020,Worldwide,Worldwide
,,,,,,,,,,,,,,,,,,,,,,,,,,,,,,,Australia,15,2020,Worldwide,Worldwide
,,,,,,,,,,,,,,,,,,,,,,,,,,,,,,,Indonesia,12,2020,Worldwide,Worldwide
,,,,,,,,,,,,,,,,,,,,,,,,,,,,,,,Malaysia,11,2020,Worldwide,Worldwide
,,,,,,,,,,,,,,,,,,,,,,,,,,,,,,,United States,8,2020,Worldwide,Worldwide
,,,,,,,,,,,,,,,,,,,,,,,,,,,,,,,Canada,7,2020,Worldwide,Worldwide
,,,,,,,,,,,,,,,,,,,,,,,,,,,,,,,Pakistan,7,2020,Worldwide,Worldwide
,,,,,,,,,,,,,,,,,,,,,,,,,,,,,,,United Kingdom,7,2020,Worldwide,Worldwide
,,,,,,,,,,,,,,,,,,,,,,,,,,,,,,,Saudi Arabia,5,2020,Worldwide,Worldwide
,,,,,,,,,,,,,,,,,,,,,,,,,,,,,,,Thailand,4,2020,Worldwide,Worldwide
,,,,,,,,,,,,,,,,,,,,,,,,,,,,,,,Netherlands,3,2020,Worldwide,Worldwide
,,,,,,,,,,,,,,,,,,,,,,,,,,,,,,,Vietnam,2,2020,Worldwide,Worldwide
,,,,,,,,,,,,,,,,,,,,,,,,,,,,,,,Germany,1,2020,Worldwide,Worldwide
,,,,,,,,,,,,,,,,,,,,,,,,,,,,,,,Arunachal Pradesh,100,2020,India,Countrywise
,,,,,,,,,,,,,,,,,,,,,,,,,,,,,,,Karnataka,44,2020,India,Countrywise
,,,,,,,,,,,,,,,,,,,,,,,,,,,,,,,Jharkhand,29,2020,India,Countrywise
,,,,,,,,,,,,,,,,,,,,,,,,,,,,,,,Meghalaya,29,2020,India,Countrywise
,,,,,,,,,,,,,,,,,,,,,,,,,,,,,,,Manipur,26,2020,India,Countrywise
,,,,,,,,,,,,,,,,,,,,,,,,,,,,,,,Tripura,25,2020,India,Countrywise
,,,,,,,,,,,,,,,,,,,,,,,,,,,,,,,Assam,24,2020,India,Countrywise
,,,,,,,,,,,,,,,,,,,,,,,,,,,,,,,Kerala,22,2020,India,Countrywise
,,,,,,,,,,,,,,,,,,,,,,,,,,,,,,,Delhi,22,2020,India,Countrywise
,,,,,,,,,,,,,,,,,,,,,,,,,,,,,,,Uttarakhand,20,2020,India,Countrywise
,,,,,,,,,,,,,,,,,,,,,,,,,,,,,,,Goa,20,2020,India,Countrywise
,,,,,,,,,,,,,,,,,,,,,,,,,,,,,,,Haryana,19,2020,India,Countrywise
,,,,,,,,,,,,,,,,,,,,,,,,,,,,,,,Maharashtra,19,2020,India,Countrywise
,,,,,,,,,,,,,,,,,,,,,,,,,,,,,,,Telangana,18,2020,India,Countrywise
,,,,,,,,,,,,,,,,,,,,,,,,,,,,,,,West Bengal,17,2020,India,Countrywise
,,,,,,,,,,,,,,,,,,,,,,,,,,,,,,,Punjab,17,2020,India,Countrywise
,,,,,,,,,,,,,,,,,,,,,,,,,,,,,,,Tamil Nadu,13,2020,India,Countrywise
,,,,,,,,,,,,,,,,,,,,,,,,,,,,,,,Uttar Pradesh,13,2020,India,Countrywise
,,,,,,,,,,,,,,,,,,,,,,,,,,,,,,,Madhya Pradesh,13,2020,India,Countrywise
,,,,,,,,,,,,,,,,,,,,,,,,,,,,,,,Odisha,13,2020,India,Countrywise
,,,,,,,,,,,,,,,,,,,,,,,,,,,,,,,Rajasthan,12,2020,India,Countrywise
,,,,,,,,,,,,,,,,,,,,,,,,,,,,,,,Chhattisgarh,12,2020,India,Countrywise
,,,,,,,,,,,,,,,,,,,,,,,,,,,,,,,Gujarat,11,2020,India,Countrywise
,,,,,,,,,,,,,,,,,,,,,,,,,,,,,,,Chandigarh,11,2020,India,Countrywise
,,,,,,,,,,,,,,,,,,,,,,,,,,,,,,,Andhra Pradesh,9,2020,India,Countrywise
,,,,,,,,,,,,,,,,,,,,,,,,,,,,,,,Bihar,7,2020,India,Countrywise
,,,,,,,,,,,,,,,,,,,,,,,,,,,,,,,Himachal Pradesh,5,2020,India,Countrywise
,,,,,,,,,,,,,,,,,,,,,,,,,,,,,,,Jammu & Kashmir,2,2020,India,Countrywise
,,,,,,,,,,,,,,,,,,,,,,,,,,,,,,,California,100,2020,United States,Countrywise
,,,,,,,,,,,,,,,,,,,,,,,,,,,,,,,Oregon,100,2020,United States,Countrywise
,,,,,,,,,,,,,,,,,,,,,,,,,,,,,,,North Carolina,95,2020,United States,Countrywise
,,,,,,,,,,,,,,,,,,,,,,,,,,,,,,,Massachusetts,94,2020,United States,Countrywise
,,,,,,,,,,,,,,,,,,,,,,,,,,,,,,,Washington,81,2020,United States,Countrywise
,,,,,,,,,,,,,,,,,,,,,,,,,,,,,,,Illinois,76,2020,United States,Countrywise
,,,,,,,,,,,,,,,,,,,,,,,,,,,,,,,New Jersey,62,2020,United States,Countrywise
,,,,,,,,,,,,,,,,,,,,,,,,,,,,,,,Texas,55,2020,United States,Countrywise
,,,,,,,,,,,,,,,,,,,,,,,,,,,,,,,New York,53,2020,United States,Countrywise
,,,,,,,,,,,,,,,,,,,,,,,,,,,,,,,Arizona,46,2020,United States,Countrywise
,,,,,,,,,,,,,,,,,,,,,,,,,,,,,,,Georgia,44,2020,United States,Countrywise
,,,,,,,,,,,,,,,,,,,,,,,,,,,,,,,Michigan,33,2020,United States,Countrywise
,,,,,,,,,,,,,,,,,,,,,,,,,,,,,,,Virginia,33,2020,United States,Countrywise
,,,,,,,,,,,,,,,,,,,,,,,,,,,,,,,Tennessee,33,2020,United States,Countrywise
,,,,,,,,,,,,,,,,,,,,,,,,,,,,,,,Pennsylvania,32,2020,United States,Countrywise
,,,,,,,,,,,,,,,,,,,,,,,,,,,,,,,Ohio,26,2020,United States,Countrywise
,,,,,,,,,,,,,,,,,,,,,,,,,,,,,,,Florida,23,2020,United States,Countrywise
,,,,,,,,,,,,,,,,,,,,,,,,,,,,,,,Missouri,19,2020,United States,Countrywise
,,,,,,,,,,,,,,,,,,,,,,,,,,,,,,,England,100,2020,United Kingdom,Countrywise
,,,,,,,,,,,,,,,,,,,,,,,,,,,,,,,Scotland,32,2020,United Kingdom,Countrywise
,,,,,,,,,,,,,,,,,,,,,,,,,,,,,,,Philippines,100,2021,Worldwide,Worldwide
,,,,,,,,,,,,,,,,,,,,,,,,,,,,,,,India,39,2021,Worldwide,Worldwide
,,,,,,,,,,,,,,,,,,,,,,,,,,,,,,,Sri Lanka,32,2021,Worldwide,Worldwide
,,,,,,,,,,,,,,,,,,,,,,,,,,,,,,,United Arab Emirates,14,2021,Worldwide,Worldwide
,,,,,,,,,,,,,,,,,,,,,,,,,,,,,,,Nepal,8,2021,Worldwide,Worldwide
,,,,,,,,,,,,,,,,,,,,,,,,,,,,,,,Singapore,8,2021,Worldwide,Worldwide
,,,,,,,,,,,,,,,,,,,,,,,,,,,,,,,Indonesia,6,2021,Worldwide,Worldwide
,,,,,,,,,,,,,,,,,,,,,,,,,,,,,,,Pakistan,5,2021,Worldwide,Worldwide
,,,,,,,,,,,,,,,,,,,,,,,,,,,,,,,Netherlands,4,2021,Worldwide,Worldwide
,,,,,,,,,,,,,,,,,,,,,,,,,,,,,,,Malaysia,4,2021,Worldwide,Worldwide
,,,,,,,,,,,,,,,,,,,,,,,,,,,,,,,United States,4,2021,Worldwide,Worldwide
,,,,,,,,,,,,,,,,,,,,,,,,,,,,,,,Australia,3,2021,Worldwide,Worldwide
,,,,,,,,,,,,,,,,,,,,,,,,,,,,,,,Saudi Arabia,2,2021,Worldwide,Worldwide
,,,,,,,,,,,,,,,,,,,,,,,,,,,,,,,Canada,2,2021,Worldwide,Worldwide
,,,,,,,,,,,,,,,,,,,,,,,,,,,,,,,United Kingdom,2,2021,Worldwide,Worldwide
,,,,,,,,,,,,,,,,,,,,,,,,,,,,,,,Thailand,1,2021,Worldwide,Worldwide
,,,,,,,,,,,,,,,,,,,,,,,,,,,,,,,Vietnam,1,2021,Worldwide,Worldwide
,,,,,,,,,,,,,,,,,,,,,,,,,,,,,,,Japan,1,2021,Worldwide,Worldwide
,,,,,,,,,,,,,,,,,,,,,,,,,,,,,,,Chandigarh,100,2021,India,Countrywise
,,,,,,,,,,,,,,,,,,,,,,,,,,,,,,,Nagaland,74,2021,India,Countrywise
,,,,,,,,,,,,,,,,,,,,,,,,,,,,,,,Karnataka,71,2021,India,Countrywise
,,,,,,,,,,,,,,,,,,,,,,,,,,,,,,,Manipur,64,2021,India,Countrywise
,,,,,,,,,,,,,,,,,,,,,,,,,,,,,,,Uttarakhand,61,2021,India,Countrywise
,,,,,,,,,,,,,,,,,,,,,,,,,,,,,,,Jharkhand,60,2021,India,Countrywise
,,,,,,,,,,,,,,,,,,,,,,,,,,,,,,,Kerala,55,2021,India,Countrywise
,,,,,,,,,,,,,,,,,,,,,,,,,,,,,,,Haryana,43,2021,India,Countrywise
,,,,,,,,,,,,,,,,,,,,,,,,,,,,,,,Maharashtra,42,2021,India,Countrywise
,,,,,,,,,,,,,,,,,,,,,,,,,,,,,,,Odisha,40,2021,India,Countrywise
,,,,,,,,,,,,,,,,,,,,,,,,,,,,,,,West Bengal,39,2021,India,Countrywise
,,,,,,,,,,,,,,,,,,,,,,,,,,,,,,,Delhi,36,2021,India,Countrywise
,,,,,,,,,,,,,,,,,,,,,,,,,,,,,,,Assam,35,2021,India,Countrywise
,,,,,,,,,,,,,,,,,,,,,,,,,,,,,,,Gujarat,32,2021,India,Countrywise
,,,,,,,,,,,,,,,,,,,,,,,,,,,,,,,Telangana,31,2021,India,Countrywise
,,,,,,,,,,,,,,,,,,,,,,,,,,,,,,,Rajasthan,30,2021,India,Countrywise
,,,,,,,,,,,,,,,,,,,,,,,,,,,,,,,Bihar,30,2021,India,Countrywise
,,,,,,,,,,,,,,,,,,,,,,,,,,,,,,,Punjab,27,2021,India,Countrywise
,,,,,,,,,,,,,,,,,,,,,,,,,,,,,,,Goa,26,2021,India,Countrywise
,,,,,,,,,,,,,,,,,,,,,,,,,,,,,,,Madhya Pradesh,24,2021,India,Countrywise
,,,,,,,,,,,,,,,,,,,,,,,,,,,,,,,Tamil Nadu,24,2021,India,Countrywise
,,,,,,,,,,,,,,,,,,,,,,,,,,,,,,,Chhattisgarh,22,2021,India,Countrywise
,,,,,,,,,,,,,,,,,,,,,,,,,,,,,,,Uttar Pradesh,22,2021,India,Countrywise
,,,,,,,,,,,,,,,,,,,,,,,,,,,,,,,Andhra Pradesh,13,2021,India,Countrywise
,,,,,,,,,,,,,,,,,,,,,,,,,,,,,,,Himachal Pradesh,10,2021,India,Countrywise
,,,,,,,,,,,,,,,,,,,,,,,,,,,,,,,Jammu & Kashmir,8,2021,India,Countrywise
,,,,,,,,,,,,,,,,,,,,,,,,,,,,,,,New Jersey,100,2021,United States,Countrywise
,,,,,,,,,,,,,,,,,,,,,,,,,,,,,,,Pennsylvania,64,2021,United States,Countrywise
,,,,,,,,,,,,,,,,,,,,,,,,,,,,,,,Washington,54,2021,United States,Countrywise
,,,,,,,,,,,,,,,,,,,,,,,,,,,,,,,Georgia,46,2021,United States,Countrywise
,,,,,,,,,,,,,,,,,,,,,,,,,,,,,,,California,44,2021,United States,Countrywise
,,,,,,,,,,,,,,,,,,,,,,,,,,,,,,,Tennessee,42,2021,United States,Countrywise
,,,,,,,,,,,,,,,,,,,,,,,,,,,,,,,North Carolina,38,2021,United States,Countrywise
,,,,,,,,,,,,,,,,,,,,,,,,,,,,,,,Missouri,25,2021,United States,Countrywise
,,,,,,,,,,,,,,,,,,,,,,,,,,,,,,,New York,23,2021,United States,Countrywise
,,,,,,,,,,,,,,,,,,,,,,,,,,,,,,,Texas,23,2021,United States,Countrywise
,,,,,,,,,,,,,,,,,,,,,,,,,,,,,,,Illinois,21,2021,United States,Countrywise
,,,,,,,,,,,,,,,,,,,,,,,,,,,,,,,Massachusetts,18,2021,United States,Countrywise
,,,,,,,,,,,,,,,,,,,,,,,,,,,,,,,Florida,18,2021,United States,Countrywise
,,,,,,,,,,,,,,,,,,,,,,,,,,,,,,,Michigan,15,2021,United States,Countrywise
,,,,,,,,,,,,,,,,,,,,,,,,,,,,,,,England,100,2021,United Kingdom,Countrywise
